{"type":"FeatureCollection","features":[{"type":"Feature","properties":{"scalerank":0,"featurecla":"Land","min_zoom":1.5},"geometry":{"type":"Polygon","coordinates":[]}},{"type":"Feature","properties":{"scalerank":0,"featurecla":"Land","min_zoom":4},"geometry":{"type":"Polygon","coordinates":[]}},{"type":"Feature","properties":{"scalerank":0,"featurecla":"Land","min_zoom":4},"geometry":{"type":"Polygon","coordinates":[]}},{"type":"Feature","properties":{"scalerank":0,"featurecla":"Land","min_zoom":3},"geometry":{"type":"Polygon","coordinates":[]}},{"type":"Feature","properties":{"scalerank":0,"featurecla":"Land","min_zoom":4},"geometry":{"type":"Polygon","coordinates":[]}},{"type":"Feature","properties":{"scalerank":0,"featurecla":"Land","min_zoom":4},"geometry":{"type":"Polygon","coordinates":[]}},{"type":"Feature","properties":{"scalerank":0,"featurecla":"Land","min_zoom":0},"geometry":{"type":"Polygon","coordinates":[]}},{"type":"Feature","properties":{"scalerank":0,"featurecla":"Land","min_zoom":0.5},"geometry":{"type":"Polygon","coordinates":[]}},{"type":"Feature","properties":{"scalerank":0,"featurecla":"Land","min_zoom":1},"geometry":{"type":"Polygon","coordinates":[]}},{"type":"Feature","properties":{"scalerank":0,"featurecla":"Land","min_zoom":1},"geometry":{"type":"Polygon","coordinates":[]}},{"type":"Feature","properties":{"scalerank":0,"featurecla":"Land","min_zoom":0.5},"geometry":{"type":"Polygon","coordinates":[]}},{"type":"Feature","properties":{"scalerank":0,"featurecla":"Land","min_zoom":1.5},"geometry":{"type":"Polygon","coordinates":[]}},{"type":"Feature","properties":{"scalerank":0,"featurecla":"Land","min_zoom":2},"geometry":{"type":"Polygon","coordinates":[]}},{"type":"Feature","properties":{"scalerank":0,"featurecla":"Land","min_zoom":0},"geometry":{"type":"Polygon","coordinates":[]}},{"type":"Feature","properties":{"scalerank":0,"featurecla":"Land","min_zoom":1},"geometry":{"type":"Polygon","coordinates":[]}},{"type":"Feature","properties":{"scalerank":0,"featurecla":"Land","min_zoom":1},"geometry":{"type":"Polygon","coordinates":[]}},{"type":"Feature","properties":{"scalerank":0,"featurecla":"Land","min_zoom":1},"geometry":{"type":"Polygon","coordinates":[]}},{"type":"Feature","properties":{"scalerank":0,"featurecla":"Land","min_zoom":1},"geometry":{"type":"Polygon","coordinates":[]}},{"type":"Feature","properties":{"scalerank":0,"featurecla":"Land","min_zoom":0},"geometry":{"type":"Polygon","coordinates":[]}},{"type":"Feature","properties":{"scalerank":0,"featurecla":"Land","min_zoom":0},"geometry":{"type":"Polygon","coordinates":[]}},{"type":"Feature","properties":{"scalerank":0,"featurecla":"Land","min_zoom":1.5},"geometry":{"type":"Polygon","coordinates":[]}},{"type":"Feature","properties":{"scalerank":0,"featurecla":"Land","min_zoom":1},"geometry":{"type":"Polygon","coordinates":[]}},{"type":"Feature","properties":{"scalerank":0,"featurecla":"Land","min_zoom":1.5},"geometry":{"type":"Polygon","coordinates":[]}},{"type":"Feature","properties":{"scalerank":0,"featurecla":"Land","min_zoom":0.5},"geometry":{"type":"Polygon","coordinates":[]}},{"type":"Feature","properties":{"scalerank":0,"featurecla":"Land","min_zoom":1},"geometry":{"type":"Polygon","coordinates":[]}},{"type":"Feature","properties":{"scalerank":0,"featurecla":"Land","min_zoom":1.5},"geometry":{"type":"Polygon","coordinates":[]}},{"type":"Feature","properties":{"scalerank":0,"featurecla":"Land","min_zoom":1},"geometry":{"type":"Polygon","coordinates":[]}},{"type":"Feature","properties":{"scalerank":0,"featurecla":"Land","min_zoom":1.5},"geometry":{"type":"Polygon","coordinates":[]}},{"type":"Feature","properties":{"scalerank":0,"featurecla":"Land","min_zoom":1},"geometry":{"type":"Polygon","coordinates":[]}},{"type":"Feature","properties":{"scalerank":0,"featurecla":"Land","min_zoom":2},"geometry":{"type":"Polygon","coordinates":[]}},{"type":"Feature","properties":{"scalerank":0,"featurecla":"Land","min_zoom":0.5},"geometry":{"type":"Polygon","coordinates":[]}},{"type":"Feature","properties":{"scalerank":0,"featurecla":"Land","min_zoom":2},"geometry":{"type":"Polygon","coordinates":[]}},{"type":"Feature","properties":{"scalerank":0,"featurecla":"Land","min_zoom":2},"geometry":{"type":"Polygon","coordinates":[]}},{"type":"Feature","properties":{"scalerank":0,"featurecla":"Land","min_zoom":1},"geometry":{"type":"Polygon","coordinates":[]}},{"type":"Feature","properties":{"scalerank":0,"featurecla":"Land","min_zoom":1.5},"geometry":{"type":"Polygon","coordinates":[]}},{"type":"Feature","properties":{"scalerank":0,"featurecla":"Land","min_zoom":1},"geometry":{"type":"Polygon","coordinates":[]}},{"type":"Feature","properties":{"scalerank":0,"featurecla":"Land","min_zoom":1},"geometry":{"type":"Polygon","coordinates":[]}},{"type":"Feature","properties":{"scalerank":0,"featurecla":"Land","min_zoom":2},"geometry":{"type":"Polygon","coordinates":[]}},{"type":"Feature","properties":{"scalerank":0,"featurecla":"Land","min_zoom":2},"geometry":{"type":"Polygon","coordinates":[]}},{"type":"Feature","properties":{"scalerank":0,"featurecla":"Land","min_zoom":2},"geometry":{"type":"Polygon","coordinates":[]}},{"type":"Feature","properties":{"scalerank":0,"featurecla":"Land","min_zoom":2},"geometry":{"type":"Polygon","coordinates":[]}},{"type":"Feature","properties":{"scalerank":0,"featurecla":"Land","min_zoom":2},"geometry":{"type":"Polygon","coordinates":[]}},{"type":"Feature","properties":{"scalerank":0,"featurecla":"Land","min_zoom":2},"geometry":{"type":"Polygon","coordinates":[]}},{"type":"Feature","properties":{"scalerank":0,"featurecla":"Land","min_zoom":1},"geometry":{"type":"Polygon","coordinates":[]}},{"type":"Feature","properties":{"scalerank":0,"featurecla":"Land","min_zoom":0},"geometry":{"type":"Polygon","coordinates":[]}},{"type":"Feature","properties":{"scalerank":0,"featurecla":"Land","min_zoom":1},"geometry":{"type":"Polygon","coordinates":[]}},{"type":"Feature","properties":{"scalerank":0,"featurecla":"Land","min_zoom":2},"geometry":{"type":"Polygon","coordinates":[]}},{"type":"Feature","properties":{"scalerank":0,"featurecla":"Land","min_zoom":1},"geometry":{"type":"Polygon","coordinates":[]}},{"type":"Feature","properties":{"scalerank":0,"featurecla":"Land","min_zoom":2},"geometry":{"type":"Polygon","coordinates":[]}},{"type":"Feature","properties":{"scalerank":0,"featurecla":"Land","min_zoom":2},"geometry":{"type":"Polygon","coordinates":[]}},{"type":"Feature","properties":{"scalerank":0,"featurecla":"Land","min_zoom":1},"geometry":{"type":"Polygon","coordinates":[]}},{"type":"Feature","properties":{"scalerank":0,"featurecla":"Land","min_zoom":1},"geometry":{"type":"Polygon","coordinates":[]}},{"type":"Feature","properties":{"scalerank":0,"featurecla":"Land","min_zoom":2},"geometry":{"type":"Polygon","coordinates":[]}},{"type":"Feature","properties":{"scalerank":0,"featurecla":"Land","min_zoom":0},"geometry":{"type":"Polygon","coordinates":[]}},{"type":"Feature","properties":{"scalerank":0,"featurecla":"Land","min_zoom":2},"geometry":{"type":"Polygon","coordinates":[]}},{"type":"Feature","properties":{"scalerank":0,"featurecla":"Land","min_zoom":2},"geometry":{"type":"Polygon","coordinates":[]}},{"type":"Feature","properties":{"scalerank":0,"featurecla":"Land","min_zoom":2},"geometry":{"type":"Polygon","coordinates":[]}},{"type":"Feature","properties":{"scalerank":0,"featurecla":"Land","min_zoom":1},"geometry":{"type":"Polygon","coordinates":[]}},{"type":"Feature","properties":{"scalerank":0,"featurecla":"Land","min_zoom":2},"geometry":{"type":"Polygon","coordinates":[]}},{"type":"Feature","properties":{"scalerank":0,"featurecla":"Land","min_zoom":2},"geometry":{"type":"Polygon","coordinates":[]}},{"type":"Feature","properties":{"scalerank":0,"featurecla":"Land","min_zoom":0},"geometry":{"type":"Polygon","coordinates":[]}},{"type":"Feature","properties":{"scalerank":0,"featurecla":"Land","min_zoom":0.5},"geometry":{"type":"Polygon","coordinates":[[[-58.850195,-51.269922],[-58.69751,-51.328516],[-58.50625,-51.308105],[-58.42583,-51.324219],[-58.378711,-51.373047],[-58.406738,-51.418359],[-58.467432,-51.411816],[-58.519238,-51.423926],[-58.508936,-51.483594],[-58.47373,-51.509082],[-58.271582,-51.574707],[-58.234521,-51.578613],[-58.241113,-51.551074],[-58.276221,-51.506055],[-58.289307,-51.45752],[-58.259229,-51.41709],[-58.206445,-51.404687],[-57.976514,-51.384375],[-57.92251,-51.403516],[-57.808496,-51.517969],[-57.91543,-51.533789],[-57.960449,-51.583203],[-57.866357,-51.60459],[-57.791797,-51.636133],[-57.831152,-51.68457],[-57.838184,-51.70918],[-58.003955,-51.743457],[-58.150928,-51.76543],[-58.217627,-51.822461],[-58.335986,-51.86377],[-58.683496,-51.93623],[-58.643066,-51.994824],[-58.637695,-52.023047],[-58.652783,-52.099219],[-59.13125,-52.00791],[-59.19585,-52.017676],[-59.068018,-52.173047],[-59.162793,-52.201758],[-59.256348,-52.183105],[-59.341504,-52.195996],[-59.395654,-52.308008],[-59.532227,-52.236426],[-59.64873,-52.134375],[-59.64917,-52.077246],[-59.53667,-51.970605],[-59.570801,-51.925391],[-59.30874,-51.780469],[-59.261768,-51.737305],[-59.180029,-51.7125],[-59.09541,-51.704102],[-59.059521,-51.685449],[-59.065381,-51.650195],[-59.099463,-51.589746],[-59.096631,-51.491406],[-58.88667,-51.35791],[-58.91748,-51.27207],[-58.850195,-51.269922]]]}},{"type":"Feature","properties":{"scalerank":0,"featurecla":"Land","min_zoom":2},"geometry":{"type":"Polygon","coordinates":[[[-37.10332,-54.065625],[-37.006055,-54.114258],[-36.928906,-54.081152],[-36.848926,-54.085059],[-36.805176,-54.101465],[-36.760059,-54.107715],[-36.703809,-54.108105],[-36.606885,-54.189844],[-36.647412,-54.262305],[-36.541016,-54.248047],[-36.448633,-54.308398],[-36.406738,-54.30332],[-36.38584,-54.278906],[-36.326465,-54.251172],[-36.285254,-54.288672],[-36.235645,-54.360449],[-36.172607,-54.382227],[-36.116895,-54.458301],[-36.073145,-54.554102],[-36.033105,-54.567676],[-35.964648,-54.568066],[-35.895312,-54.554785],[-35.921533,-54.6375],[-35.913281,-54.71084],[-35.798584,-54.763477],[-35.866943,-54.792383],[-35.938916,-54.834277],[-36.085498,-54.866797],[-36.123633,-54.85293],[-36.251709,-54.779883],[-36.311475,-54.69375],[-36.445752,-54.570703],[-36.47207,-54.534473],[-36.506543,-54.51123],[-36.628125,-54.496094],[-36.734961,-54.466602],[-36.823877,-54.404297],[-36.851709,-54.366016],[-36.885986,-54.339453],[-37.006738,-54.340918],[-37.082812,-54.311523],[-37.158105,-54.271484],[-37.497656,-54.155859],[-37.630908,-54.16748],[-37.692285,-54.134766],[-37.689014,-54.076758],[-37.618848,-54.04209],[-37.912793,-54.028906],[-38.017432,-54.008008],[-37.945508,-53.995605],[-37.53584,-53.99375],[-37.382227,-53.984082],[-37.36875,-54.00918],[-37.232812,-54.060547],[-37.10332,-54.065625]]]}},{"type":"Feature","properties":{"scalerank":0,"featurecla":"Land","min_zoom":0},"geometry":{"type":"Polygon","coordinates":[[[-73.773389,-43.345898],[-73.848584,-43.366797],[-73.918701,-43.371973],[-73.989941,-43.356641],[-74.114404,-43.35791],[-74.238574,-43.318848],[-74.354932,-43.263574],[-74.387354,-43.231641],[-74.373145,-43.185742],[-74.289355,-43.079492],[-74.209473,-42.878711],[-74.156299,-42.590527],[-74.198828,-42.481348],[-74.193555,-42.436035],[-74.174072,-42.381543],[-74.164355,-42.325488],[-74.170312,-42.268945],[-74.160205,-42.216406],[-74.072314,-42.105859],[-74.059375,-42.05625],[-74.056836,-42.002344],[-74.018799,-41.890918],[-74.030518,-41.854004],[-74.063037,-41.822754],[-74.03667,-41.795508],[-73.730957,-41.877246],[-73.527832,-41.896289],[-73.516943,-41.980859],[-73.477783,-42.047168],[-73.454492,-42.165918],[-73.4229,-42.192871],[-73.439258,-42.277832],[-73.532812,-42.314453],[-73.524561,-42.392578],[-73.470801,-42.466309],[-73.549268,-42.492578],[-73.633887,-42.508203],[-73.653467,-42.528711],[-73.714746,-42.544727],[-73.789258,-42.585742],[-73.766846,-42.621875],[-73.673047,-42.704395],[-73.568262,-42.761621],[-73.510742,-42.847168],[-73.436328,-42.936523],[-73.472656,-42.993262],[-73.54082,-43.07373],[-73.649609,-43.127148],[-73.749658,-43.159082],[-73.737891,-43.291406],[-73.773389,-43.345898]]]}},{"type":"Feature","properties":{"scalerank":0,"featurecla":"Land","min_zoom":0.5},"geometry":{"type":"Polygon","coordinates":[[[-60.28623,-51.461914],[-60.141553,-51.480957],[-60.008691,-51.410547],[-59.91709,-51.388086],[-59.841602,-51.40332],[-59.788428,-51.445996],[-59.711328,-51.439258],[-59.493457,-51.395703],[-59.465088,-51.410547],[-59.387598,-51.359961],[-59.32085,-51.383594],[-59.268066,-51.427539],[-59.293945,-51.478516],[-59.354199,-51.510938],[-59.392432,-51.556152],[-59.437012,-51.592676],[-59.514209,-51.626563],[-59.573193,-51.680859],[-59.714893,-51.807715],[-59.921387,-51.969531],[-59.989746,-51.984082],[-60.132275,-51.993848],[-60.19375,-51.982715],[-60.246338,-51.986426],[-60.288281,-52.07373],[-60.353467,-52.139941],[-60.384229,-52.154004],[-60.452002,-52.160254],[-60.484082,-52.170312],[-60.508398,-52.194727],[-60.686377,-52.188379],[-60.812207,-52.147754],[-60.961426,-52.057324],[-60.7625,-51.946484],[-60.591064,-51.951562],[-60.449756,-51.877148],[-60.334473,-51.839551],[-60.288672,-51.80127],[-60.238477,-51.771973],[-60.238135,-51.733789],[-60.276514,-51.716602],[-60.32832,-51.718359],[-60.37959,-51.735156],[-60.500098,-51.756543],[-60.58252,-51.712695],[-60.528076,-51.696387],[-60.467236,-51.697168],[-60.280957,-51.656055],[-60.245166,-51.638867],[-60.302637,-51.580469],[-60.414941,-51.54502],[-60.505811,-51.485449],[-60.522754,-51.463184],[-60.518262,-51.427832],[-60.568457,-51.357812],[-60.515723,-51.354297],[-60.445459,-51.399414],[-60.28623,-51.461914]]]}},{"type":"Feature","properties":{"scalerank":0,"featurecla":"Land","min_zoom":0},"geometry":{"type":"Polygon","coordinates":[[[-74.476172,-49.147852],[-74.466797,-49.294531],[-74.483594,-49.441895],[-74.52207,-49.622949],[-74.515771,-49.65957],[-74.47085,-49.668555],[-74.458838,-49.691113],[-74.471973,-49.78623],[-74.496094,-49.859473],[-74.542578,-49.919141],[-74.569824,-49.990723],[-74.594727,-50.006641],[-74.703369,-50.019238],[-74.762988,-50.011426],[-74.81084,-49.929688],[-74.824707,-49.879492],[-74.821924,-49.813867],[-74.88042,-49.725879],[-74.882227,-49.692188],[-74.859326,-49.63418],[-74.812012,-49.605273],[-74.804834,-49.516016],[-74.781006,-49.489258],[-74.727051,-49.452344],[-74.718848,-49.437012],[-74.723828,-49.423828],[-74.743848,-49.422461],[-74.960107,-49.533008],[-74.981299,-49.56416],[-74.99082,-49.605664],[-74.993506,-49.751758],[-75.031543,-49.83623],[-75.066016,-49.852344],[-75.166943,-49.855957],[-75.300098,-49.847461],[-75.451172,-49.769922],[-75.549805,-49.791309],[-75.570117,-49.69707],[-75.520752,-49.62168],[-75.337061,-49.628223],[-75.305859,-49.494043],[-75.364209,-49.4625],[-75.428857,-49.408398],[-75.46748,-49.358887],[-75.433154,-49.32207],[-75.32666,-49.268652],[-75.269629,-49.262891],[-75.216846,-49.292773],[-75.086035,-49.270215],[-75.093701,-49.185352],[-75.210156,-49.148047],[-75.184229,-49.083594],[-75.037109,-49.02207],[-74.949219,-48.960156],[-74.945215,-48.889453],[-74.980762,-48.818848],[-74.969531,-48.791309],[-74.89624,-48.733203],[-74.793457,-48.705078],[-74.74668,-48.708887],[-74.651562,-48.749902],[-74.566602,-48.754785],[-74.546094,-48.766895],[-74.530664,-48.812598],[-74.476172,-49.147852]]]}},{"type":"Feature","properties":{"scalerank":0,"featurecla":"Land","min_zoom":0},"geometry":{"type":"Polygon","coordinates":[[[-72.986133,-44.780078],[-73.228467,-44.859961],[-73.35,-44.833203],[-73.39707,-44.774316],[-73.420068,-44.724805],[-73.445068,-44.641016],[-73.403662,-44.596094],[-73.314941,-44.531348],[-73.281982,-44.489551],[-73.266016,-44.440234],[-73.271582,-44.394141],[-73.26001,-44.350293],[-73.207715,-44.334961],[-73.028418,-44.384082],[-72.842432,-44.457715],[-72.776367,-44.508594],[-72.764062,-44.549023],[-72.845312,-44.638477],[-72.897168,-44.712012],[-72.986133,-44.780078]]]}},{"type":"Feature","properties":{"scalerank":0,"featurecla":"Land","min_zoom":1},"geometry":{"type":"Polygon","coordinates":[]}},{"type":"Feature","properties":{"scalerank":0,"featurecla":"Land","min_zoom":1},"geometry":{"type":"Polygon","coordinates":[]}},{"type":"Feature","properties":{"scalerank":0,"featurecla":"Land","min_zoom":1.5},"geometry":{"type":"Polygon","coordinates":[]}},{"type":"Feature","properties":{"scalerank":0,"featurecla":"Land","min_zoom":1.5},"geometry":{"type":"Polygon","coordinates":[]}},{"type":"Feature","properties":{"scalerank":0,"featurecla":"Land","min_zoom":0},"geometry":{"type":"Polygon","coordinates":[]}},{"type":"Feature","properties":{"scalerank":0,"featurecla":"Land","min_zoom":1},"geometry":{"type":"Polygon","coordinates":[]}},{"type":"Feature","properties":{"scalerank":0,"featurecla":"Land","min_zoom":1},"geometry":{"type":"Polygon","coordinates":[]}},{"type":"Feature","properties":{"scalerank":0,"featurecla":"Land","min_zoom":1},"geometry":{"type":"Polygon","coordinates":[]}},{"type":"Feature","properties":{"scalerank":0,"featurecla":"Land","min_zoom":2},"geometry":{"type":"Polygon","coordinates":[]}},{"type":"Feature","properties":{"scalerank":0,"featurecla":"Land","min_zoom":0},"geometry":{"type":"Polygon","coordinates":[]}},{"type":"Feature","properties":{"scalerank":0,"featurecla":"Land","min_zoom":1},"geometry":{"type":"Polygon","coordinates":[]}},{"type":"Feature","properties":{"scalerank":0,"featurecla":"Land","min_zoom":2},"geometry":{"type":"Polygon","coordinates":[]}},{"type":"Feature","properties":{"scalerank":0,"featurecla":"Land","min_zoom":1},"geometry":{"type":"Polygon","coordinates":[]}},{"type":"Feature","properties":{"scalerank":0,"featurecla":"Land","min_zoom":2},"geometry":{"type":"Polygon","coordinates":[]}},{"type":"Feature","properties":{"scalerank":0,"featurecla":"Land","min_zoom":1},"geometry":{"type":"Polygon","coordinates":[]}},{"type":"Feature","properties":{"scalerank":0,"featurecla":"Land","min_zoom":0},"geometry":{"type":"Polygon","coordinates":[]}},{"type":"Feature","properties":{"scalerank":0,"featurecla":"Land","min_zoom":1},"geometry":{"type":"Polygon","coordinates":[]}},{"type":"Feature","properties":{"scalerank":0,"featurecla":"Land","min_zoom":1},"geometry":{"type":"Polygon","coordinates":[]}},{"type":"Feature","properties":{"scalerank":0,"featurecla":"Land","min_zoom":1},"geometry":{"type":"Polygon","coordinates":[]}},{"type":"Feature","properties":{"scalerank":0,"featurecla":"Land","min_zoom":0},"geometry":{"type":"Polygon","coordinates":[]}},{"type":"Feature","properties":{"scalerank":0,"featurecla":"Land","min_zoom":1},"geometry":{"type":"Polygon","coordinates":[]}},{"type":"Feature","properties":{"scalerank":0,"featurecla":"Land","min_zoom":1},"geometry":{"type":"Polygon","coordinates":[]}},{"type":"Feature","properties":{"scalerank":0,"featurecla":"Land","min_zoom":0},"geometry":{"type":"Polygon","coordinates":[]}},{"type":"Feature","properties":{"scalerank":0,"featurecla":"Land","min_zoom":0},"geometry":{"type":"Polygon","coordinates":[]}},{"type":"Feature","properties":{"scalerank":0,"featurecla":"Land","min_zoom":0},"geometry":{"type":"Polygon","coordinates":[]}},{"type":"Feature","properties":{"scalerank":0,"featurecla":"Land","min_zoom":0.5},"geometry":{"type":"Polygon","coordinates":[]}},{"type":"Feature","properties":{"scalerank":0,"featurecla":"Land","min_zoom":0},"geometry":{"type":"Polygon","coordinates":[]}},{"type":"Feature","properties":{"scalerank":0,"featurecla":"Land","min_zoom":1},"geometry":{"type":"Polygon","coordinates":[]}},{"type":"Feature","properties":{"scalerank":0,"featurecla":"Land","min_zoom":1},"geometry":{"type":"Polygon","coordinates":[]}},{"type":"Feature","properties":{"scalerank":0,"featurecla":"Land","min_zoom":0},"geometry":{"type":"Polygon","coordinates":[]}},{"type":"Feature","properties":{"scalerank":0,"featurecla":"Land","min_zoom":0},"geometry":{"type":"Polygon","coordinates":[]}},{"type":"Feature","properties":{"scalerank":0,"featurecla":"Land","min_zoom":0},"geometry":{"type":"Polygon","coordinates":[]}},{"type":"Feature","properties":{"scalerank":0,"featurecla":"Land","min_zoom":0},"geometry":{"type":"Polygon","coordinates":[]}},{"type":"Feature","properties":{"scalerank":0,"featurecla":"Land","min_zoom":0},"geometry":{"type":"Polygon","coordinates":[]}},{"type":"Feature","properties":{"scalerank":0,"featurecla":"Land","min_zoom":0},"geometry":{"type":"Polygon","coordinates":[]}},{"type":"Feature","properties":{"scalerank":0,"featurecla":"Land","min_zoom":0},"geometry":{"type":"Polygon","coordinates":[]}},{"type":"Feature","properties":{"scalerank":0,"featurecla":"Land","min_zoom":0},"geometry":{"type":"Polygon","coordinates":[]}},{"type":"Feature","properties":{"scalerank":0,"featurecla":"Land","min_zoom":0},"geometry":{"type":"Polygon","coordinates":[]}},{"type":"Feature","properties":{"scalerank":0,"featurecla":"Land","min_zoom":0},"geometry":{"type":"Polygon","coordinates":[]}},{"type":"Feature","properties":{"scalerank":0,"featurecla":"Land","min_zoom":0},"geometry":{"type":"Polygon","coordinates":[]}},{"type":"Feature","properties":{"scalerank":0,"featurecla":"Land","min_zoom":0},"geometry":{"type":"Polygon","coordinates":[]}},{"type":"Feature","properties":{"scalerank":0,"featurecla":"Land","min_zoom":0},"geometry":{"type":"Polygon","coordinates":[]}},{"type":"Feature","properties":{"scalerank":0,"featurecla":"Land","min_zoom":0},"geometry":{"type":"Polygon","coordinates":[]}},{"type":"Feature","properties":{"scalerank":0,"featurecla":"Land","min_zoom":1.5},"geometry":{"type":"Polygon","coordinates":[]}},{"type":"Feature","properties":{"scalerank":0,"featurecla":"Land","min_zoom":0},"geometry":{"type":"Polygon","coordinates":[]}},{"type":"Feature","properties":{"scalerank":0,"featurecla":"Land","min_zoom":1},"geometry":{"type":"Polygon","coordinates":[]}},{"type":"Feature","properties":{"scalerank":0,"featurecla":"Land","min_zoom":1},"geometry":{"type":"Polygon","coordinates":[]}},{"type":"Feature","properties":{"scalerank":0,"featurecla":"Land","min_zoom":1},"geometry":{"type":"Polygon","coordinates":[]}},{"type":"Feature","properties":{"scalerank":0,"featurecla":"Land","min_zoom":0},"geometry":{"type":"Polygon","coordinates":[]}},{"type":"Feature","properties":{"scalerank":0,"featurecla":"Land","min_zoom":3},"geometry":{"type":"Polygon","coordinates":[]}},{"type":"Feature","properties":{"scalerank":0,"featurecla":"Land","min_zoom":3},"geometry":{"type":"Polygon","coordinates":[]}},{"type":"Feature","properties":{"scalerank":0,"featurecla":"Land","min_zoom":4},"geometry":{"type":"Polygon","coordinates":[]}},{"type":"Feature","properties":{"scalerank":0,"featurecla":"Land","min_zoom":1},"geometry":{"type":"Polygon","coordinates":[]}},{"type":"Feature","properties":{"scalerank":0,"featurecla":"Land","min_zoom":1.5},"geometry":{"type":"Polygon","coordinates":[]}},{"type":"Feature","properties":{"scalerank":0,"featurecla":"Land","min_zoom":0},"geometry":{"type":"Polygon","coordinates":[]}},{"type":"Feature","properties":{"scalerank":0,"featurecla":"Land","min_zoom":1},"geometry":{"type":"Polygon","coordinates":[]}},{"type":"Feature","properties":{"scalerank":0,"featurecla":"Land","min_zoom":1},"geometry":{"type":"Polygon","coordinates":[]}},{"type":"Feature","properties":{"scalerank":0,"featurecla":"Land","min_zoom":0},"geometry":{"type":"Polygon","coordinates":[[[-69.167041,-52.667578],[-69.079932,-52.674316],[-68.789795,-52.576758],[-68.75752,-52.582031],[-68.659229,-52.631543],[-68.629932,-52.652637],[-68.571191,-52.694922],[-68.33877,-52.900098],[-68.278223,-52.983984],[-68.240137,-53.081836],[-68.333008,-53.019629],[-68.431152,-53.055273],[-68.479492,-53.11377],[-68.520801,-53.177246],[-68.520508,-53.221875],[-68.488525,-53.260938],[-68.393115,-53.294922],[-68.161133,-53.306445],[-68.144092,-53.319043],[-68.008496,-53.564063],[-67.940283,-53.61875],[-67.861084,-53.662207],[-67.678125,-53.787109],[-67.502588,-53.921973],[-67.294238,-54.049805],[-67.069482,-54.148047],[-66.865137,-54.222559],[-66.670068,-54.313574],[-66.462012,-54.441016],[-66.235645,-54.533496],[-65.992578,-54.598926],[-65.74707,-54.653418],[-65.369287,-54.632129],[-65.251953,-54.638086],[-65.179004,-54.678125],[-65.252344,-54.788867],[-65.345996,-54.87793],[-65.471143,-54.914648],[-65.60332,-54.928125],[-65.722754,-54.926367],[-65.841992,-54.909961],[-65.95376,-54.919336],[-66.060645,-54.956738],[-66.172021,-54.975293],[-66.286768,-54.977734],[-66.398682,-55.009375],[-66.511133,-55.032129],[-66.627686,-55.013281],[-66.930469,-54.924902],[-67.1271,-54.903809],[-67.793262,-54.868652],[-68.007129,-54.848438],[-68.220117,-54.817578],[-68.331689,-54.816309],[-68.491016,-54.83623],[-68.618652,-54.833789],[-68.653223,-54.853613],[-68.803857,-54.853613],[-68.843555,-54.876758],[-69.081641,-54.909863],[-69.486279,-54.858887],[-69.587549,-54.812793],[-69.723437,-54.712109],[-69.771826,-54.73916],[-69.899463,-54.781836],[-70.030518,-54.815527],[-70.138086,-54.819238],[-70.237793,-54.777539],[-70.259082,-54.756348],[-70.281738,-54.751758],[-70.497168,-54.80957],[-70.735156,-54.750586],[-70.924707,-54.714355],[-71.229248,-54.694141],[-71.440918,-54.619629],[-71.831543,-54.626172],[-71.901562,-54.601562],[-71.927734,-54.528711],[-71.906982,-54.494824],[-71.823437,-54.474414],[-71.800146,-54.433984],[-71.71582,-54.443652],[-71.606299,-54.497168],[-71.572754,-54.495313],[-71.500391,-54.444922],[-71.393408,-54.400195],[-71.355225,-54.39541],[-71.158838,-54.450586],[-71.079932,-54.444238],[-70.966455,-54.419531],[-70.946191,-54.398047],[-70.928174,-54.360059],[-70.898242,-54.337891],[-70.797266,-54.327246],[-70.698828,-54.348828],[-70.687549,-54.414746],[-70.701123,-54.485449],[-70.572998,-54.504395],[-70.41792,-54.502246],[-70.310986,-54.528516],[-70.297656,-54.485547],[-70.468311,-54.373242],[-70.53999,-54.303418],[-70.636133,-54.262305],[-70.759863,-54.241309],[-70.863086,-54.110449],[-70.856738,-53.995801],[-70.867725,-53.88418],[-70.644482,-53.822852],[-70.695605,-53.727441],[-70.61875,-53.655078],[-70.531299,-53.627344],[-70.443164,-53.893457],[-70.379736,-53.986719],[-70.460547,-54.005664],[-70.629834,-54.005566],[-70.535303,-54.136133],[-70.37998,-54.180664],[-70.246094,-54.277441],[-70.243359,-54.347656],[-70.168994,-54.379297],[-69.990137,-54.381348],[-69.866992,-54.36748],[-69.809082,-54.320801],[-69.741846,-54.305859],[-69.62168,-54.364063],[-69.419287,-54.407129],[-69.364795,-54.437598],[-69.325098,-54.488184],[-69.322461,-54.542676],[-69.312061,-54.571484],[-69.253174,-54.557422],[-69.169189,-54.483301],[-69.127881,-54.457617],[-69.077246,-54.44502],[-69.045215,-54.428418],[-69.044336,-54.406738],[-69.195654,-54.354395],[-69.988135,-54.109082],[-70.085596,-54.011133],[-70.151123,-53.888086],[-70.148828,-53.761133],[-70.091113,-53.721777],[-69.949707,-53.671582],[-69.689746,-53.600879],[-69.389941,-53.499414],[-69.352441,-53.47998],[-69.355957,-53.416309],[-69.393555,-53.373437],[-69.512549,-53.341992],[-69.637012,-53.334082],[-69.755615,-53.337207],[-69.874121,-53.350488],[-70.090381,-53.418164],[-70.212842,-53.413965],[-70.329297,-53.377637],[-70.415674,-53.304785],[-70.460254,-53.20625],[-70.459961,-53.143359],[-70.443359,-53.085547],[-70.390674,-53.026465],[-70.32002,-53.000684],[-70.256348,-53.004102],[-70.196484,-52.990234],[-70.160889,-52.969922],[-70.130615,-52.942773],[-70.139551,-52.919336],[-70.162744,-52.899023],[-70.25918,-52.857227],[-70.297363,-52.816992],[-70.380127,-52.751953],[-70.334912,-52.733789],[-70.189648,-52.723633],[-70.088232,-52.768555],[-69.993555,-52.821289],[-69.935449,-52.821094],[-69.883203,-52.799023],[-69.763574,-52.731348],[-69.663281,-52.646289],[-69.571875,-52.549316],[-69.498389,-52.491406],[-69.414062,-52.48623],[-69.167041,-52.667578]]]}},{"type":"Feature","properties":{"scalerank":0,"featurecla":"Land","min_zoom":0},"geometry":{"type":"Polygon","coordinates":[]}},{"type":"Feature","properties":{"scalerank":0,"featurecla":"Land","min_zoom":0},"geometry":{"type":"Polygon","coordinates":[]}},{"type":"Feature","properties":{"scalerank":0,"featurecla":"Land","min_zoom":0},"geometry":{"type":"Polygon","coordinates":[]}},{"type":"Feature","properties":{"scalerank":0,"featurecla":"Land","min_zoom":1},"geometry":{"type":"Polygon","coordinates":[]}},{"type":"Feature","properties":{"scalerank":0,"featurecla":"Land","min_zoom":1},"geometry":{"type":"Polygon","coordinates":[]}},{"type":"Feature","properties":{"scalerank":0,"featurecla":"Land","min_zoom":1},"geometry":{"type":"Polygon","coordinates":[]}},{"type":"Feature","properties":{"scalerank":0,"featurecla":"Land","min_zoom":0},"geometry":{"type":"Polygon","coordinates":[]}},{"type":"Feature","properties":{"scalerank":0,"featurecla":"Land","min_zoom":1},"geometry":{"type":"Polygon","coordinates":[]}},{"type":"Feature","properties":{"scalerank":0,"featurecla":"Land","min_zoom":0},"geometry":{"type":"Polygon","coordinates":[]}},{"type":"Feature","properties":{"scalerank":0,"featurecla":"Land","min_zoom":0},"geometry":{"type":"Polygon","coordinates":[[[-49.628662,-0.229199],[-49.535205,-0.233594],[-49.402881,-0.214648],[-49.314258,-0.167871],[-49.215088,-0.158691],[-49.116992,-0.163574],[-48.786572,-0.215527],[-48.588037,-0.231641],[-48.51543,-0.248242],[-48.444482,-0.271875],[-48.392676,-0.297363],[-48.379687,-0.352832],[-48.428027,-0.441504],[-48.463965,-0.534766],[-48.497461,-0.664941],[-48.52334,-0.691406],[-48.56665,-0.684473],[-48.539697,-0.800977],[-48.549512,-0.847559],[-48.570947,-0.892871],[-48.624072,-0.986914],[-48.70459,-1.106641],[-48.728516,-1.131738],[-48.789844,-1.17334],[-48.839697,-1.226562],[-48.829004,-1.276563],[-48.804053,-1.326953],[-48.833594,-1.390039],[-48.928906,-1.482324],[-48.985938,-1.504688],[-49.038477,-1.514063],[-49.086865,-1.505078],[-49.172705,-1.412598],[-49.181689,-1.484961],[-49.204785,-1.558984],[-49.233984,-1.599512],[-49.344824,-1.595215],[-49.406592,-1.555566],[-49.506641,-1.511621],[-49.525684,-1.630469],[-49.587891,-1.712402],[-49.650586,-1.738086],[-49.748779,-1.755371],[-49.805127,-1.790234],[-49.911328,-1.762988],[-50.009961,-1.708496],[-50.065723,-1.703809],[-50.109277,-1.747852],[-50.338428,-1.755957],[-50.443457,-1.800684],[-50.507617,-1.787988],[-50.602051,-1.697754],[-50.617188,-1.637695],[-50.673389,-1.516016],[-50.723828,-1.371484],[-50.759766,-1.240234],[-50.729492,-1.126758],[-50.668311,-1.130566],[-50.595898,-1.147461],[-50.580518,-1.139453],[-50.576953,-1.103125],[-50.59292,-1.072949],[-50.709619,-1.077734],[-50.783301,-1.010352],[-50.796094,-0.90625],[-50.780957,-0.689844],[-50.771387,-0.64541],[-50.719922,-0.583398],[-50.703076,-0.528516],[-50.71582,-0.470215],[-50.693701,-0.364453],[-50.645508,-0.272852],[-50.461572,-0.157422],[-50.248242,-0.116406],[-49.628662,-0.229199]]]}},{"type":"Feature","properties":{"scalerank":0,"featurecla":"Land","min_zoom":0},"geometry":{"type":"Polygon","coordinates":[]}},{"type":"Feature","properties":{"scalerank":0,"featurecla":"Land","min_zoom":0},"geometry":{"type":"Polygon","coordinates":[]}},{"type":"Feature","properties":{"scalerank":0,"featurecla":"Land","min_zoom":0},"geometry":{"type":"Polygon","coordinates":[]}},{"type":"Feature","properties":{"scalerank":0,"featurecla":"Land","min_zoom":0},"geometry":{"type":"Polygon","coordinates":[]}},{"type":"Feature","properties":{"scalerank":0,"featurecla":"Land","min_zoom":4},"geometry":{"type":"Polygon","coordinates":[]}},{"type":"Feature","properties":{"scalerank":0,"featurecla":"Land","min_zoom":4},"geometry":{"type":"Polygon","coordinates":[]}},{"type":"Feature","properties":{"scalerank":0,"featurecla":"Land","min_zoom":4},"geometry":{"type":"Polygon","coordinates":[]}},{"type":"Feature","properties":{"scalerank":0,"featurecla":"Land","min_zoom":4},"geometry":{"type":"Polygon","coordinates":[]}},{"type":"Feature","properties":{"scalerank":0,"featurecla":"Land","min_zoom":4},"geometry":{"type":"Polygon","coordinates":[]}},{"type":"Feature","properties":{"scalerank":0,"featurecla":"Land","min_zoom":4},"geometry":{"type":"Polygon","coordinates":[]}},{"type":"Feature","properties":{"scalerank":0,"featurecla":"Land","min_zoom":4},"geometry":{"type":"Polygon","coordinates":[]}},{"type":"Feature","properties":{"scalerank":0,"featurecla":"Land","min_zoom":4},"geometry":{"type":"Polygon","coordinates":[]}},{"type":"Feature","properties":{"scalerank":0,"featurecla":"Land","min_zoom":4},"geometry":{"type":"Polygon","coordinates":[]}},{"type":"Feature","properties":{"scalerank":0,"featurecla":"Land","min_zoom":4},"geometry":{"type":"Polygon","coordinates":[]}},{"type":"Feature","properties":{"scalerank":0,"featurecla":"Land","min_zoom":4},"geometry":{"type":"Polygon","coordinates":[]}},{"type":"Feature","properties":{"scalerank":0,"featurecla":"Land","min_zoom":4},"geometry":{"type":"Polygon","coordinates":[]}},{"type":"Feature","properties":{"scalerank":0,"featurecla":"Land","min_zoom":4},"geometry":{"type":"Polygon","coordinates":[]}},{"type":"Feature","properties":{"scalerank":0,"featurecla":"Land","min_zoom":3},"geometry":{"type":"Polygon","coordinates":[]}},{"type":"Feature","properties":{"scalerank":0,"featurecla":"Land","min_zoom":4},"geometry":{"type":"Polygon","coordinates":[]}},{"type":"Feature","properties":{"scalerank":0,"featurecla":"Land","min_zoom":4},"geometry":{"type":"Polygon","coordinates":[]}},{"type":"Feature","properties":{"scalerank":0,"featurecla":"Land","min_zoom":3},"geometry":{"type":"Polygon","coordinates":[[[-67.575195,-55.889648],[-67.611426,-55.891699],[-67.699512,-55.873145],[-67.831543,-55.864844],[-67.846436,-55.857227],[-67.849707,-55.842578],[-67.834082,-55.827539],[-67.762061,-55.816113],[-67.544824,-55.825977],[-67.517285,-55.832813],[-67.509814,-55.844336],[-67.545264,-55.877441],[-67.575195,-55.889648]]]}},{"type":"Feature","properties":{"scalerank":0,"featurecla":"Land","min_zoom":3},"geometry":{"type":"Polygon","coordinates":[[[-69.899121,12.452002],[-69.895703,12.422998],[-69.942187,12.438525],[-70.00415,12.500488],[-70.066113,12.546973],[-70.050879,12.59707],[-70.035107,12.614111],[-69.973145,12.567627],[-69.911816,12.480469],[-69.899121,12.452002]]]}},{"type":"Feature","properties":{"scalerank":0,"featurecla":"Land","min_zoom":3},"geometry":{"type":"Polygon","coordinates":[[[-65.2125,10.906445],[-65.266406,10.883984],[-65.365234,10.906445],[-65.414648,10.937891],[-65.383203,10.973828],[-65.302344,10.973828],[-65.226562,10.930225],[-65.2125,10.906445]]]}},{"type":"Feature","properties":{"scalerank":0,"featurecla":"Land","min_zoom":2},"geometry":{"type":"Polygon","coordinates":[]}},{"type":"Feature","properties":{"scalerank":0,"featurecla":"Land","min_zoom":3},"geometry":{"type":"Polygon","coordinates":[]}},{"type":"Feature","properties":{"scalerank":0,"featurecla":"Land","min_zoom":3},"geometry":{"type":"Polygon","coordinates":[]}},{"type":"Feature","properties":{"scalerank":0,"featurecla":"Land","min_zoom":3},"geometry":{"type":"Polygon","coordinates":[]}},{"type":"Feature","properties":{"scalerank":0,"featurecla":"Land","min_zoom":3},"geometry":{"type":"Polygon","coordinates":[]}},{"type":"Feature","properties":{"scalerank":0,"featurecla":"Land","min_zoom":4},"geometry":{"type":"Polygon","coordinates":[]}},{"type":"Feature","properties":{"scalerank":0,"featurecla":"Land","min_zoom":3},"geometry":{"type":"Polygon","coordinates":[]}},{"type":"Feature","properties":{"scalerank":0,"featurecla":"Land","min_zoom":4},"geometry":{"type":"Polygon","coordinates":[]}},{"type":"Feature","properties":{"scalerank":0,"featurecla":"Land","min_zoom":4},"geometry":{"type":"Polygon","coordinates":[]}},{"type":"Feature","properties":{"scalerank":0,"featurecla":"Land","min_zoom":4},"geometry":{"type":"Polygon","coordinates":[]}},{"type":"Feature","properties":{"scalerank":0,"featurecla":"Land","min_zoom":3},"geometry":{"type":"Polygon","coordinates":[]}},{"type":"Feature","properties":{"scalerank":0,"featurecla":"Land","min_zoom":3},"geometry":{"type":"Polygon","coordinates":[]}},{"type":"Feature","properties":{"scalerank":0,"featurecla":"Land","min_zoom":4},"geometry":{"type":"Polygon","coordinates":[]}},{"type":"Feature","properties":{"scalerank":0,"featurecla":"Land","min_zoom":4},"geometry":{"type":"Polygon","coordinates":[]}},{"type":"Feature","properties":{"scalerank":0,"featurecla":"Land","min_zoom":4},"geometry":{"type":"Polygon","coordinates":[]}},{"type":"Feature","properties":{"scalerank":0,"featurecla":"Land","min_zoom":4},"geometry":{"type":"Polygon","coordinates":[]}},{"type":"Feature","properties":{"scalerank":0,"featurecla":"Land","min_zoom":3},"geometry":{"type":"Polygon","coordinates":[]}},{"type":"Feature","properties":{"scalerank":0,"featurecla":"Land","min_zoom":4},"geometry":{"type":"Polygon","coordinates":[]}},{"type":"Feature","properties":{"scalerank":0,"featurecla":"Land","min_zoom":4},"geometry":{"type":"Polygon","coordinates":[]}},{"type":"Feature","properties":{"scalerank":0,"featurecla":"Land","min_zoom":4},"geometry":{"type":"Polygon","coordinates":[]}},{"type":"Feature","properties":{"scalerank":0,"featurecla":"Land","min_zoom":4},"geometry":{"type":"Polygon","coordinates":[]}},{"type":"Feature","properties":{"scalerank":0,"featurecla":"Land","min_zoom":3},"geometry":{"type":"Polygon","coordinates":[]}},{"type":"Feature","properties":{"scalerank":0,"featurecla":"Land","min_zoom":3},"geometry":{"type":"Polygon","coordinates":[]}},{"type":"Feature","properties":{"scalerank":0,"featurecla":"Land","min_zoom":3},"geometry":{"type":"Polygon","coordinates":[]}},{"type":"Feature","properties":{"scalerank":0,"featurecla":"Land","min_zoom":4},"geometry":{"type":"Polygon","coordinates":[]}},{"type":"Feature","properties":{"scalerank":0,"featurecla":"Land","min_zoom":4},"geometry":{"type":"Polygon","coordinates":[]}},{"type":"Feature","properties":{"scalerank":0,"featurecla":"Land","min_zoom":3},"geometry":{"type":"Polygon","coordinates":[]}},{"type":"Feature","properties":{"scalerank":0,"featurecla":"Land","min_zoom":4},"geometry":{"type":"Polygon","coordinates":[]}},{"type":"Feature","properties":{"scalerank":0,"featurecla":"Land","min_zoom":4},"geometry":{"type":"Polygon","coordinates":[]}},{"type":"Feature","properties":{"scalerank":0,"featurecla":"Land","min_zoom":4},"geometry":{"type":"Polygon","coordinates":[[[-58.438818,-52.011035],[-58.432715,-52.099023],[-58.512842,-52.071094],[-58.541406,-52.028418],[-58.49707,-51.999414],[-58.460547,-52.001563],[-58.438818,-52.011035]]]}},{"type":"Feature","properties":{"scalerank":0,"featurecla":"Land","min_zoom":4},"geometry":{"type":"Polygon","coordinates":[]}},{"type":"Feature","properties":{"scalerank":0,"featurecla":"Land","min_zoom":4},"geometry":{"type":"Polygon","coordinates":[]}},{"type":"Feature","properties":{"scalerank":0,"featurecla":"Land","min_zoom":3},"geometry":{"type":"Polygon","coordinates":[]}},{"type":"Feature","properties":{"scalerank":0,"featurecla":"Land","min_zoom":4},"geometry":{"type":"Polygon","coordinates":[]}},{"type":"Feature","properties":{"scalerank":0,"featurecla":"Land","min_zoom":4},"geometry":{"type":"Polygon","coordinates":[]}},{"type":"Feature","properties":{"scalerank":0,"featurecla":"Land","min_zoom":4},"geometry":{"type":"Polygon","coordinates":[]}},{"type":"Feature","properties":{"scalerank":0,"featurecla":"Land","min_zoom":3},"geometry":{"type":"Polygon","coordinates":[]}},{"type":"Feature","properties":{"scalerank":0,"featurecla":"Land","min_zoom":4},"geometry":{"type":"Polygon","coordinates":[]}},{"type":"Feature","properties":{"scalerank":0,"featurecla":"Land","min_zoom":4},"geometry":{"type":"Polygon","coordinates":[]}},{"type":"Feature","properties":{"scalerank":0,"featurecla":"Land","min_zoom":3},"geometry":{"type":"Polygon","coordinates":[]}},{"type":"Feature","properties":{"scalerank":0,"featurecla":"Land","min_zoom":4},"geometry":{"type":"Polygon","coordinates":[]}},{"type":"Feature","properties":{"scalerank":0,"featurecla":"Land","min_zoom":4},"geometry":{"type":"Polygon","coordinates":[]}},{"type":"Feature","properties":{"scalerank":0,"featurecla":"Land","min_zoom":4},"geometry":{"type":"Polygon","coordinates":[]}},{"type":"Feature","properties":{"scalerank":0,"featurecla":"Land","min_zoom":4},"geometry":{"type":"Polygon","coordinates":[]}},{"type":"Feature","properties":{"scalerank":0,"featurecla":"Land","min_zoom":4},"geometry":{"type":"Polygon","coordinates":[]}},{"type":"Feature","properties":{"scalerank":0,"featurecla":"Land","min_zoom":3},"geometry":{"type":"Polygon","coordinates":[]}},{"type":"Feature","properties":{"scalerank":0,"featurecla":"Land","min_zoom":3},"geometry":{"type":"Polygon","coordinates":[]}},{"type":"Feature","properties":{"scalerank":0,"featurecla":"Land","min_zoom":3},"geometry":{"type":"Polygon","coordinates":[]}},{"type":"Feature","properties":{"scalerank":0,"featurecla":"Land","min_zoom":3},"geometry":{"type":"Polygon","coordinates":[]}},{"type":"Feature","properties":{"scalerank":0,"featurecla":"Land","min_zoom":3},"geometry":{"type":"Polygon","coordinates":[]}},{"type":"Feature","properties":{"scalerank":0,"featurecla":"Land","min_zoom":3},"geometry":{"type":"Polygon","coordinates":[]}},{"type":"Feature","properties":{"scalerank":0,"featurecla":"Land","min_zoom":2},"geometry":{"type":"Polygon","coordinates":[]}},{"type":"Feature","properties":{"scalerank":0,"featurecla":"Land","min_zoom":3},"geometry":{"type":"Polygon","coordinates":[]}},{"type":"Feature","properties":{"scalerank":0,"featurecla":"Land","min_zoom":4},"geometry":{"type":"Polygon","coordinates":[]}},{"type":"Feature","properties":{"scalerank":0,"featurecla":"Land","min_zoom":2},"geometry":{"type":"Polygon","coordinates":[]}},{"type":"Feature","properties":{"scalerank":0,"featurecla":"Land","min_zoom":3},"geometry":{"type":"Polygon","coordinates":[]}},{"type":"Feature","properties":{"scalerank":0,"featurecla":"Land","min_zoom":3},"geometry":{"type":"Polygon","coordinates":[]}},{"type":"Feature","properties":{"scalerank":0,"featurecla":"Land","min_zoom":3},"geometry":{"type":"Polygon","coordinates":[]}},{"type":"Feature","properties":{"scalerank":0,"featurecla":"Land","min_zoom":4},"geometry":{"type":"Polygon","coordinates":[]}},{"type":"Feature","properties":{"scalerank":0,"featurecla":"Land","min_zoom":4},"geometry":{"type":"Polygon","coordinates":[]}},{"type":"Feature","properties":{"scalerank":0,"featurecla":"Land","min_zoom":3},"geometry":{"type":"Polygon","coordinates":[]}},{"type":"Feature","properties":{"scalerank":0,"featurecla":"Land","min_zoom":3},"geometry":{"type":"Polygon","coordinates":[]}},{"type":"Feature","properties":{"scalerank":0,"featurecla":"Land","min_zoom":3},"geometry":{"type":"Polygon","coordinates":[]}},{"type":"Feature","properties":{"scalerank":0,"featurecla":"Land","min_zoom":3},"geometry":{"type":"Polygon","coordinates":[]}},{"type":"Feature","properties":{"scalerank":0,"featurecla":"Land","min_zoom":4},"geometry":{"type":"Polygon","coordinates":[]}},{"type":"Feature","properties":{"scalerank":0,"featurecla":"Land","min_zoom":3},"geometry":{"type":"Polygon","coordinates":[]}},{"type":"Feature","properties":{"scalerank":0,"featurecla":"Land","min_zoom":3},"geometry":{"type":"Polygon","coordinates":[]}},{"type":"Feature","properties":{"scalerank":0,"featurecla":"Land","min_zoom":4},"geometry":{"type":"Polygon","coordinates":[]}},{"type":"Feature","properties":{"scalerank":0,"featurecla":"Land","min_zoom":3},"geometry":{"type":"Polygon","coordinates":[]}},{"type":"Feature","properties":{"scalerank":0,"featurecla":"Land","min_zoom":3},"geometry":{"type":"Polygon","coordinates":[]}},{"type":"Feature","properties":{"scalerank":0,"featurecla":"Land","min_zoom":3},"geometry":{"type":"Polygon","coordinates":[]}},{"type":"Feature","properties":{"scalerank":0,"featurecla":"Land","min_zoom":3},"geometry":{"type":"Polygon","coordinates":[]}},{"type":"Feature","properties":{"scalerank":0,"featurecla":"Land","min_zoom":3},"geometry":{"type":"Polygon","coordinates":[]}},{"type":"Feature","properties":{"scalerank":0,"featurecla":"Land","min_zoom":2},"geometry":{"type":"Polygon","coordinates":[]}},{"type":"Feature","properties":{"scalerank":0,"featurecla":"Land","min_zoom":1},"geometry":{"type":"Polygon","coordinates":[]}},{"type":"Feature","properties":{"scalerank":0,"featurecla":"Land","min_zoom":2},"geometry":{"type":"Polygon","coordinates":[]}},{"type":"Feature","properties":{"scalerank":0,"featurecla":"Land","min_zoom":2},"geometry":{"type":"Polygon","coordinates":[]}},{"type":"Feature","properties":{"scalerank":0,"featurecla":"Land","min_zoom":4},"geometry":{"type":"Polygon","coordinates":[]}},{"type":"Feature","properties":{"scalerank":0,"featurecla":"Land","min_zoom":3},"geometry":{"type":"Polygon","coordinates":[]}},{"type":"Feature","properties":{"scalerank":0,"featurecla":"Land","min_zoom":3},"geometry":{"type":"Polygon","coordinates":[]}},{"type":"Feature","properties":{"scalerank":0,"featurecla":"Land","min_zoom":3},"geometry":{"type":"Polygon","coordinates":[]}},{"type":"Feature","properties":{"scalerank":0,"featurecla":"Land","min_zoom":3},"geometry":{"type":"Polygon","coordinates":[]}},{"type":"Feature","properties":{"scalerank":0,"featurecla":"Land","min_zoom":2},"geometry":{"type":"Polygon","coordinates":[]}},{"type":"Feature","properties":{"scalerank":0,"featurecla":"Land","min_zoom":3},"geometry":{"type":"Polygon","coordinates":[]}},{"type":"Feature","properties":{"scalerank":0,"featurecla":"Land","min_zoom":3},"geometry":{"type":"Polygon","coordinates":[]}},{"type":"Feature","properties":{"scalerank":0,"featurecla":"Land","min_zoom":2},"geometry":{"type":"Polygon","coordinates":[]}},{"type":"Feature","properties":{"scalerank":0,"featurecla":"Land","min_zoom":3},"geometry":{"type":"Polygon","coordinates":[]}},{"type":"Feature","properties":{"scalerank":0,"featurecla":"Land","min_zoom":3},"geometry":{"type":"Polygon","coordinates":[]}},{"type":"Feature","properties":{"scalerank":0,"featurecla":"Land","min_zoom":3},"geometry":{"type":"Polygon","coordinates":[]}},{"type":"Feature","properties":{"scalerank":0,"featurecla":"Land","min_zoom":3},"geometry":{"type":"Polygon","coordinates":[]}},{"type":"Feature","properties":{"scalerank":0,"featurecla":"Land","min_zoom":3},"geometry":{"type":"Polygon","coordinates":[]}},{"type":"Feature","properties":{"scalerank":0,"featurecla":"Land","min_zoom":2},"geometry":{"type":"Polygon","coordinates":[]}},{"type":"Feature","properties":{"scalerank":0,"featurecla":"Land","min_zoom":3},"geometry":{"type":"Polygon","coordinates":[]}},{"type":"Feature","properties":{"scalerank":0,"featurecla":"Land","min_zoom":3},"geometry":{"type":"Polygon","coordinates":[]}},{"type":"Feature","properties":{"scalerank":0,"featurecla":"Land","min_zoom":2},"geometry":{"type":"Polygon","coordinates":[]}},{"type":"Feature","properties":{"scalerank":0,"featurecla":"Land","min_zoom":2},"geometry":{"type":"Polygon","coordinates":[]}},{"type":"Feature","properties":{"scalerank":0,"featurecla":"Land","min_zoom":2},"geometry":{"type":"Polygon","coordinates":[]}},{"type":"Feature","properties":{"scalerank":0,"featurecla":"Land","min_zoom":2},"geometry":{"type":"Polygon","coordinates":[]}},{"type":"Feature","properties":{"scalerank":0,"featurecla":"Land","min_zoom":2},"geometry":{"type":"Polygon","coordinates":[]}},{"type":"Feature","properties":{"scalerank":0,"featurecla":"Land","min_zoom":2},"geometry":{"type":"Polygon","coordinates":[]}},{"type":"Feature","properties":{"scalerank":0,"featurecla":"Land","min_zoom":3},"geometry":{"type":"Polygon","coordinates":[]}},{"type":"Feature","properties":{"scalerank":0,"featurecla":"Land","min_zoom":3},"geometry":{"type":"Polygon","coordinates":[]}},{"type":"Feature","properties":{"scalerank":0,"featurecla":"Land","min_zoom":3},"geometry":{"type":"Polygon","coordinates":[]}},{"type":"Feature","properties":{"scalerank":0,"featurecla":"Land","min_zoom":3},"geometry":{"type":"Polygon","coordinates":[[[-45.717773,-60.520898],[-45.499707,-60.546484],[-45.386279,-60.582715],[-45.357422,-60.623828],[-45.228125,-60.639746],[-45.210986,-60.648145],[-45.186377,-60.671875],[-45.172852,-60.69873],[-45.173682,-60.733008],[-45.398047,-60.649707],[-45.70918,-60.64541],[-45.780029,-60.586035],[-45.937305,-60.619922],[-45.954785,-60.597461],[-45.956299,-60.568359],[-45.934814,-60.526563],[-45.83418,-60.543457],[-45.717773,-60.520898]]]}},{"type":"Feature","properties":{"scalerank":0,"featurecla":"Land","min_zoom":4},"geometry":{"type":"Polygon","coordinates":[[[-54.070703,-61.299121],[-54.11543,-61.308496],[-54.183887,-61.269727],[-54.192236,-61.246582],[-54.121973,-61.201758],[-54.049902,-61.14209],[-54.024316,-61.135254],[-54.041309,-61.255371],[-54.070703,-61.299121]]]}},{"type":"Feature","properties":{"scalerank":0,"featurecla":"Land","min_zoom":2},"geometry":{"type":"Polygon","coordinates":[]}},{"type":"Feature","properties":{"scalerank":0,"featurecla":"Land","min_zoom":3},"geometry":{"type":"Polygon","coordinates":[[[-55.16543,-61.22041],[-55.297021,-61.248535],[-55.346924,-61.211621],[-55.369141,-61.146387],[-55.440234,-61.106152],[-55.387012,-61.072656],[-54.670996,-61.116992],[-54.709961,-61.139746],[-55.057617,-61.168652],[-55.16543,-61.22041]]]}},{"type":"Feature","properties":{"scalerank":0,"featurecla":"Land","min_zoom":2},"geometry":{"type":"Polygon","coordinates":[]}},{"type":"Feature","properties":{"scalerank":0,"featurecla":"Land","min_zoom":3},"geometry":{"type":"Polygon","coordinates":[]}},{"type":"Feature","properties":{"scalerank":0,"featurecla":"Land","min_zoom":3},"geometry":{"type":"Polygon","coordinates":[]}},{"type":"Feature","properties":{"scalerank":0,"featurecla":"Land","min_zoom":3},"geometry":{"type":"Polygon","coordinates":[]}},{"type":"Feature","properties":{"scalerank":0,"featurecla":"Land","min_zoom":2},"geometry":{"type":"Polygon","coordinates":[[[-57.978418,-61.911914],[-57.849316,-61.939941],[-57.737988,-61.921191],[-57.676562,-61.94209],[-57.636523,-61.998242],[-57.63676313099964,-62],[-58.65026076306455,-62],[-58.399463,-61.938281],[-58.265186,-61.95332],[-57.978418,-61.911914]]]}},{"type":"Feature","properties":{"scalerank":0,"featurecla":"Land","min_zoom":4},"geometry":{"type":"Polygon","coordinates":[]}},{"type":"Feature","properties":{"scalerank":0,"featurecla":"Land","min_zoom":2},"geometry":{"type":"Polygon","coordinates":[]}},{"type":"Feature","properties":{"scalerank":0,"featurecla":"Land","min_zoom":3},"geometry":{"type":"Polygon","coordinates":[]}},{"type":"Feature","properties":{"scalerank":0,"featurecla":"Land","min_zoom":2},"geometry":{"type":"Polygon","coordinates":[]}},{"type":"Feature","properties":{"scalerank":0,"featurecla":"Land","min_zoom":3},"geometry":{"type":"Polygon","coordinates":[]}},{"type":"Feature","properties":{"scalerank":0,"featurecla":"Land","min_zoom":3},"geometry":{"type":"Polygon","coordinates":[]}},{"type":"Feature","properties":{"scalerank":0,"featurecla":"Land","min_zoom":3},"geometry":{"type":"Polygon","coordinates":[]}},{"type":"Feature","properties":{"scalerank":0,"featurecla":"Land","min_zoom":2},"geometry":{"type":"Polygon","coordinates":[]}},{"type":"Feature","properties":{"scalerank":0,"featurecla":"Land","min_zoom":3},"geometry":{"type":"Polygon","coordinates":[]}},{"type":"Feature","properties":{"scalerank":0,"featurecla":"Land","min_zoom":3},"geometry":{"type":"Polygon","coordinates":[]}},{"type":"Feature","properties":{"scalerank":0,"featurecla":"Land","min_zoom":3},"geometry":{"type":"Polygon","coordinates":[]}},{"type":"Feature","properties":{"scalerank":0,"featurecla":"Land","min_zoom":3},"geometry":{"type":"Polygon","coordinates":[]}},{"type":"Feature","properties":{"scalerank":0,"featurecla":"Land","min_zoom":3},"geometry":{"type":"Polygon","coordinates":[]}},{"type":"Feature","properties":{"scalerank":0,"featurecla":"Land","min_zoom":4},"geometry":{"type":"Polygon","coordinates":[]}},{"type":"Feature","properties":{"scalerank":0,"featurecla":"Land","min_zoom":3},"geometry":{"type":"Polygon","coordinates":[]}},{"type":"Feature","properties":{"scalerank":0,"featurecla":"Land","min_zoom":4},"geometry":{"type":"Polygon","coordinates":[]}},{"type":"Feature","properties":{"scalerank":0,"featurecla":"Land","min_zoom":2},"geometry":{"type":"Polygon","coordinates":[]}},{"type":"Feature","properties":{"scalerank":0,"featurecla":"Land","min_zoom":3},"geometry":{"type":"Polygon","coordinates":[]}},{"type":"Feature","properties":{"scalerank":0,"featurecla":"Land","min_zoom":3},"geometry":{"type":"Polygon","coordinates":[]}},{"type":"Feature","properties":{"scalerank":0,"featurecla":"Land","min_zoom":1},"geometry":{"type":"Polygon","coordinates":[]}},{"type":"Feature","properties":{"scalerank":0,"featurecla":"Land","min_zoom":2},"geometry":{"type":"Polygon","coordinates":[]}},{"type":"Feature","properties":{"scalerank":0,"featurecla":"Land","min_zoom":3},"geometry":{"type":"Polygon","coordinates":[]}},{"type":"Feature","properties":{"scalerank":0,"featurecla":"Land","min_zoom":3},"geometry":{"type":"Polygon","coordinates":[]}},{"type":"Feature","properties":{"scalerank":0,"featurecla":"Land","min_zoom":3},"geometry":{"type":"Polygon","coordinates":[]}},{"type":"Feature","properties":{"scalerank":0,"featurecla":"Land","min_zoom":3},"geometry":{"type":"Polygon","coordinates":[]}},{"type":"Feature","properties":{"scalerank":0,"featurecla":"Land","min_zoom":3},"geometry":{"type":"Polygon","coordinates":[]}},{"type":"Feature","properties":{"scalerank":0,"featurecla":"Land","min_zoom":3},"geometry":{"type":"Polygon","coordinates":[]}},{"type":"Feature","properties":{"scalerank":0,"featurecla":"Land","min_zoom":1},"geometry":{"type":"Polygon","coordinates":[]}},{"type":"Feature","properties":{"scalerank":0,"featurecla":"Land","min_zoom":3},"geometry":{"type":"Polygon","coordinates":[]}},{"type":"Feature","properties":{"scalerank":0,"featurecla":"Land","min_zoom":3},"geometry":{"type":"Polygon","coordinates":[[[-78.89834,8.274268],[-78.918115,8.231934],[-78.964941,8.32627],[-78.957422,8.350586],[-78.960596,8.43584],[-78.916016,8.458252],[-78.883252,8.460254],[-78.856152,8.448242],[-78.83916,8.3479],[-78.853223,8.302441],[-78.89834,8.274268]]]}},{"type":"Feature","properties":{"scalerank":0,"featurecla":"Land","min_zoom":3},"geometry":{"type":"Polygon","coordinates":[]}},{"type":"Feature","properties":{"scalerank":0,"featurecla":"Land","min_zoom":3},"geometry":{"type":"Polygon","coordinates":[]}},{"type":"Feature","properties":{"scalerank":0,"featurecla":"Land","min_zoom":3},"geometry":{"type":"Polygon","coordinates":[]}},{"type":"Feature","properties":{"scalerank":0,"featurecla":"Land","min_zoom":3},"geometry":{"type":"Polygon","coordinates":[]}},{"type":"Feature","properties":{"scalerank":0,"featurecla":"Land","min_zoom":3},"geometry":{"type":"Polygon","coordinates":[]}},{"type":"Feature","properties":{"scalerank":0,"featurecla":"Land","min_zoom":2},"geometry":{"type":"Polygon","coordinates":[]}},{"type":"Feature","properties":{"scalerank":0,"featurecla":"Land","min_zoom":3},"geometry":{"type":"Polygon","coordinates":[]}},{"type":"Feature","properties":{"scalerank":0,"featurecla":"Land","min_zoom":4},"geometry":{"type":"Polygon","coordinates":[[[-66.472119,-55.229102],[-66.551709,-55.272852],[-66.611133,-55.269922],[-66.630176,-55.254102],[-66.636621,-55.234375],[-66.624756,-55.213086],[-66.599707,-55.193652],[-66.541553,-55.169434],[-66.523145,-55.165527],[-66.435791,-55.189746],[-66.472119,-55.229102]]]}},{"type":"Feature","properties":{"scalerank":0,"featurecla":"Land","min_zoom":4},"geometry":{"type":"Polygon","coordinates":[[[-75.04248,-44.890137],[-75.06748,-44.906543],[-75.09873,-44.901758],[-75.124219,-44.869922],[-75.142139,-44.815625],[-75.107422,-44.795117],[-75.079492,-44.795117],[-75.048437,-44.823926],[-75.032227,-44.870508],[-75.04248,-44.890137]]]}},{"type":"Feature","properties":{"scalerank":0,"featurecla":"Land","min_zoom":0},"geometry":{"type":"Polygon","coordinates":[[[-75.510254,-48.763477],[-75.622852,-48.764648],[-75.650928,-48.586328],[-75.518457,-48.328809],[-75.509033,-48.230664],[-75.553516,-48.156738],[-75.571484,-48.095898],[-75.560693,-48.070898],[-75.391406,-48.019727],[-75.338379,-48.074023],[-75.275488,-48.218457],[-75.155518,-48.425195],[-75.158496,-48.622656],[-75.225098,-48.671387],[-75.433984,-48.721191],[-75.510254,-48.763477]]]}},{"type":"Feature","properties":{"scalerank":0,"featurecla":"Land","min_zoom":3},"geometry":{"type":"Polygon","coordinates":[[[-75.302002,-50.67998],[-75.330469,-50.772363],[-75.411377,-50.764355],[-75.438525,-50.741113],[-75.452637,-50.68252],[-75.477393,-50.654199],[-75.442676,-50.595508],[-75.419775,-50.530371],[-75.427637,-50.480566],[-75.303711,-50.483984],[-75.156152,-50.496777],[-75.115332,-50.510449],[-75.160449,-50.554395],[-75.203418,-50.580664],[-75.292334,-50.596875],[-75.302002,-50.67998]]]}},{"type":"Feature","properties":{"scalerank":0,"featurecla":"Land","min_zoom":0},"geometry":{"type":"Polygon","coordinates":[[[-74.385742,-52.922363],[-74.369336,-52.931445],[-74.32998,-52.929297],[-74.274609,-52.945508],[-74.065967,-52.965332],[-73.879199,-53.012207],[-73.781787,-53.056055],[-73.654004,-53.069824],[-73.549268,-53.125684],[-73.504541,-53.140039],[-73.450586,-53.144336],[-73.310352,-53.247656],[-73.30249,-53.259473],[-73.143359,-53.340918],[-73.135205,-53.353906],[-73.225732,-53.358398],[-73.409375,-53.320508],[-73.501025,-53.318457],[-73.567285,-53.306836],[-73.582812,-53.300195],[-73.595947,-53.25293],[-73.61709,-53.229688],[-73.793506,-53.120703],[-73.866943,-53.096875],[-73.993994,-53.075781],[-74.138574,-53.090527],[-74.236377,-53.076465],[-74.270215,-53.081543],[-74.414404,-52.994922],[-74.558301,-52.921875],[-74.619922,-52.834766],[-74.711523,-52.768164],[-74.712012,-52.74873],[-74.669971,-52.733887],[-74.571533,-52.771289],[-74.474561,-52.835645],[-74.422266,-52.860059],[-74.385742,-52.922363]]]}},{"type":"Feature","properties":{"scalerank":0,"featurecla":"Land","min_zoom":0},"geometry":{"type":"Polygon","coordinates":[[[-69.702979,-54.919043],[-68.900781,-55.017773],[-68.653516,-54.95791],[-68.458008,-54.959668],[-68.399805,-55.041992],[-68.598096,-55.12832],[-68.613281,-55.155566],[-68.585547,-55.177734],[-68.381738,-55.191602],[-68.330078,-55.219434],[-68.282666,-55.255176],[-68.322754,-55.308203],[-68.326562,-55.332715],[-68.30542,-55.356641],[-68.152588,-55.436914],[-68.089893,-55.47832],[-68.058301,-55.517969],[-68.045557,-55.5875],[-68.04834,-55.643164],[-68.082666,-55.650586],[-68.15708,-55.633691],[-68.229639,-55.601562],[-68.293359,-55.521387],[-68.338037,-55.505273],[-68.466699,-55.489063],[-68.594189,-55.45],[-68.693555,-55.452246],[-68.78501,-55.435645],[-68.867041,-55.450195],[-68.896143,-55.423828],[-68.931299,-55.370605],[-68.93208,-55.347363],[-68.888965,-55.263281],[-68.890088,-55.241211],[-68.912646,-55.238574],[-69.008203,-55.255762],[-69.046826,-55.244336],[-69.150781,-55.183398],[-69.192627,-55.171875],[-69.29707,-55.16582],[-69.356152,-55.273926],[-69.359229,-55.300684],[-69.299023,-55.369336],[-69.180859,-55.474805],[-69.24082,-55.476758],[-69.411816,-55.444238],[-69.455713,-55.424023],[-69.508691,-55.370898],[-69.610254,-55.339941],[-69.645898,-55.320898],[-69.656299,-55.298438],[-69.657373,-55.229004],[-69.679834,-55.218945],[-69.824023,-55.236523],[-69.853711,-55.219824],[-69.865771,-55.190625],[-69.886768,-55.174121],[-69.979785,-55.147461],[-69.987988,-55.130762],[-69.946533,-55.111035],[-69.92085,-55.061133],[-69.884424,-54.882031],[-69.702979,-54.919043]]]}},{"type":"Feature","properties":{"scalerank":0,"featurecla":"Land","min_zoom":0},"geometry":{"type":"Polygon","coordinates":[[[-75.106689,-48.836523],[-75.115088,-48.916016],[-75.262695,-49.068945],[-75.389941,-49.15918],[-75.506104,-49.230664],[-75.580371,-49.22998],[-75.641162,-49.19541],[-75.572852,-49.138867],[-75.487646,-49.082422],[-75.514551,-49.00957],[-75.540137,-48.988477],[-75.576172,-48.980762],[-75.637842,-48.942578],[-75.619141,-48.885938],[-75.583105,-48.858887],[-75.535254,-48.838184],[-75.490479,-48.850488],[-75.297266,-48.810645],[-75.236182,-48.778613],[-75.118604,-48.772949],[-75.106689,-48.836523]]]}},{"type":"Feature","properties":{"scalerank":0,"featurecla":"Land","min_zoom":3},"geometry":{"type":"Polygon","coordinates":[[[-60.111719,-51.395898],[-60.248828,-51.395996],[-60.275879,-51.363184],[-60.275342,-51.280566],[-60.171387,-51.273438],[-60.069824,-51.30791],[-60.076465,-51.342578],[-60.111719,-51.395898]]]}},{"type":"Feature","properties":{"scalerank":0,"featurecla":"Land","min_zoom":4},"geometry":{"type":"Polygon","coordinates":[[[-26.264111,-58.435156],[-26.259863,-58.492285],[-26.415332,-58.439844],[-26.451025,-58.415332],[-26.401221,-58.383203],[-26.303467,-58.382227],[-26.279395,-58.401758],[-26.264111,-58.435156]]]}},{"type":"Feature","properties":{"scalerank":0,"featurecla":"Land","min_zoom":2},"geometry":{"type":"Polygon","coordinates":[]}},{"type":"Feature","properties":{"scalerank":0,"featurecla":"Land","min_zoom":3},"geometry":{"type":"Polygon","coordinates":[]}},{"type":"Feature","properties":{"scalerank":0,"featurecla":"Land","min_zoom":2},"geometry":{"type":"Polygon","coordinates":[]}},{"type":"Feature","properties":{"scalerank":0,"featurecla":"Land","min_zoom":4},"geometry":{"type":"Polygon","coordinates":[]}},{"type":"Feature","properties":{"scalerank":0,"featurecla":"Land","min_zoom":2},"geometry":{"type":"Polygon","coordinates":[]}},{"type":"Feature","properties":{"scalerank":0,"featurecla":"Land","min_zoom":3},"geometry":{"type":"Polygon","coordinates":[]}},{"type":"Feature","properties":{"scalerank":0,"featurecla":"Land","min_zoom":2},"geometry":{"type":"Polygon","coordinates":[]}},{"type":"Feature","properties":{"scalerank":0,"featurecla":"Land","min_zoom":2},"geometry":{"type":"Polygon","coordinates":[]}},{"type":"Feature","properties":{"scalerank":0,"featurecla":"Land","min_zoom":4},"geometry":{"type":"Polygon","coordinates":[]}},{"type":"Feature","properties":{"scalerank":0,"featurecla":"Land","min_zoom":3},"geometry":{"type":"Polygon","coordinates":[]}},{"type":"Feature","properties":{"scalerank":0,"featurecla":"Land","min_zoom":4},"geometry":{"type":"Polygon","coordinates":[]}},{"type":"Feature","properties":{"scalerank":0,"featurecla":"Land","min_zoom":2},"geometry":{"type":"Polygon","coordinates":[]}},{"type":"Feature","properties":{"scalerank":0,"featurecla":"Land","min_zoom":4},"geometry":{"type":"Polygon","coordinates":[]}},{"type":"Feature","properties":{"scalerank":0,"featurecla":"Land","min_zoom":3},"geometry":{"type":"Polygon","coordinates":[]}},{"type":"Feature","properties":{"scalerank":0,"featurecla":"Land","min_zoom":3},"geometry":{"type":"Polygon","coordinates":[]}},{"type":"Feature","properties":{"scalerank":0,"featurecla":"Land","min_zoom":3},"geometry":{"type":"Polygon","coordinates":[]}},{"type":"Feature","properties":{"scalerank":0,"featurecla":"Land","min_zoom":2},"geometry":{"type":"Polygon","coordinates":[]}},{"type":"Feature","properties":{"scalerank":0,"featurecla":"Land","min_zoom":2},"geometry":{"type":"Polygon","coordinates":[]}},{"type":"Feature","properties":{"scalerank":0,"featurecla":"Land","min_zoom":3},"geometry":{"type":"Polygon","coordinates":[]}},{"type":"Feature","properties":{"scalerank":0,"featurecla":"Land","min_zoom":1},"geometry":{"type":"Polygon","coordinates":[]}},{"type":"Feature","properties":{"scalerank":0,"featurecla":"Land","min_zoom":3},"geometry":{"type":"Polygon","coordinates":[]}},{"type":"Feature","properties":{"scalerank":0,"featurecla":"Land","min_zoom":3},"geometry":{"type":"Polygon","coordinates":[]}},{"type":"Feature","properties":{"scalerank":0,"featurecla":"Land","min_zoom":1.5},"geometry":{"type":"Polygon","coordinates":[]}},{"type":"Feature","properties":{"scalerank":0,"featurecla":"Land","min_zoom":1},"geometry":{"type":"Polygon","coordinates":[]}},{"type":"Feature","properties":{"scalerank":0,"featurecla":"Land","min_zoom":1},"geometry":{"type":"Polygon","coordinates":[]}},{"type":"Feature","properties":{"scalerank":0,"featurecla":"Land","min_zoom":1.5},"geometry":{"type":"Polygon","coordinates":[]}},{"type":"Feature","properties":{"scalerank":0,"featurecla":"Land","min_zoom":4},"geometry":{"type":"Polygon","coordinates":[]}},{"type":"Feature","properties":{"scalerank":0,"featurecla":"Land","min_zoom":2},"geometry":{"type":"Polygon","coordinates":[]}},{"type":"Feature","properties":{"scalerank":0,"featurecla":"Land","min_zoom":4},"geometry":{"type":"Polygon","coordinates":[]}},{"type":"Feature","properties":{"scalerank":0,"featurecla":"Land","min_zoom":3},"geometry":{"type":"Polygon","coordinates":[]}},{"type":"Feature","properties":{"scalerank":0,"featurecla":"Land","min_zoom":3},"geometry":{"type":"Polygon","coordinates":[[[-75.112207,-47.837695],[-75.18584,-47.850684],[-75.194336,-47.818066],[-75.261035,-47.763867],[-75.203125,-47.728027],[-75.089844,-47.690625],[-75.003955,-47.694727],[-74.926465,-47.723145],[-74.916016,-47.756641],[-75.05127,-47.800488],[-75.084473,-47.824512],[-75.112207,-47.837695]]]}},{"type":"Feature","properties":{"scalerank":0,"featurecla":"Land","min_zoom":3},"geometry":{"type":"Polygon","coordinates":[[[-74.66875,-43.607812],[-74.810449,-43.625391],[-74.842676,-43.595508],[-74.841992,-43.570312],[-74.817676,-43.549414],[-74.74502,-43.535938],[-74.697461,-43.553027],[-74.672656,-43.577441],[-74.664795,-43.599609],[-74.66875,-43.607812]]]}},{"type":"Feature","properties":{"scalerank":0,"featurecla":"Land","min_zoom":3},"geometry":{"type":"Polygon","coordinates":[[[-73.632178,-44.821484],[-73.664844,-44.83291],[-73.69458,-44.831152],[-73.724756,-44.796875],[-73.734863,-44.75166],[-73.800146,-44.684082],[-73.818457,-44.652148],[-73.816992,-44.613965],[-73.779492,-44.55918],[-73.723926,-44.544238],[-73.686475,-44.546289],[-73.641211,-44.61084],[-73.628223,-44.680762],[-73.616602,-44.75293],[-73.632178,-44.821484]]]}},{"type":"Feature","properties":{"scalerank":0,"featurecla":"Land","min_zoom":0},"geometry":{"type":"Polygon","coordinates":[[[-74.567285,-48.591992],[-74.586279,-48.615723],[-74.70957,-48.601172],[-74.923047,-48.626465],[-75.012842,-48.535742],[-75.052148,-48.391406],[-75.078906,-48.361523],[-75.131934,-48.279297],[-75.158496,-48.225293],[-75.212891,-48.141699],[-75.233887,-48.053418],[-75.247266,-48.026758],[-75.198291,-47.974609],[-74.975098,-47.922852],[-74.895654,-47.839355],[-74.827441,-47.850391],[-74.846191,-48.020801],[-74.805225,-48.078223],[-74.729297,-48.125879],[-74.715234,-48.145508],[-74.702393,-48.205859],[-74.664355,-48.299316],[-74.615137,-48.343066],[-74.602441,-48.370313],[-74.600146,-48.393066],[-74.618213,-48.425195],[-74.567285,-48.591992]]]}},{"type":"Feature","properties":{"scalerank":0,"featurecla":"Land","min_zoom":3},"geometry":{"type":"Polygon","coordinates":[[[-64.54917,-54.716211],[-64.438818,-54.739355],[-64.220508,-54.721973],[-64.105322,-54.72168],[-64.054932,-54.729883],[-64.032422,-54.742383],[-63.881934,-54.722949],[-63.81543,-54.725098],[-63.832568,-54.767969],[-63.97124,-54.810645],[-64.02832,-54.792578],[-64.3229,-54.796484],[-64.453271,-54.840332],[-64.508691,-54.839941],[-64.637354,-54.902539],[-64.731445,-54.862988],[-64.757324,-54.826562],[-64.689209,-54.774707],[-64.625098,-54.773633],[-64.581348,-54.752734],[-64.54917,-54.716211]]]}},{"type":"Feature","properties":{"scalerank":0,"featurecla":"Land","min_zoom":3},"geometry":{"type":"Polygon","coordinates":[[[-61.875781,-39.171875],[-61.865967,-39.234863],[-61.918018,-39.227441],[-62.041602,-39.166895],[-62.083301,-39.110156],[-62.093018,-39.08623],[-61.96665,-39.112207],[-61.907129,-39.135645],[-61.875781,-39.171875]]]}},{"type":"Feature","properties":{"scalerank":0,"featurecla":"Land","min_zoom":4},"geometry":{"type":"Polygon","coordinates":[[[-59.682666,-52.231641],[-59.746582,-52.250879],[-59.764453,-52.242188],[-59.784863,-52.204688],[-59.785937,-52.156152],[-59.793311,-52.13418],[-59.753223,-52.141406],[-59.681006,-52.180078],[-59.682666,-52.231641]]]}},{"type":"Feature","properties":{"scalerank":0,"featurecla":"Land","min_zoom":3},"geometry":{"type":"Polygon","coordinates":[[[-61.01875,-51.785742],[-60.947266,-51.799512],[-60.875977,-51.794238],[-60.916162,-51.896973],[-60.947559,-51.946289],[-61.031982,-51.94248],[-61.115771,-51.875293],[-61.14502,-51.839453],[-61.05166,-51.813965],[-61.01875,-51.785742]]]}},{"type":"Feature","properties":{"scalerank":0,"featurecla":"Land","min_zoom":0},"geometry":{"type":"Polygon","coordinates":[[[-72.923242,-53.481641],[-72.896289,-53.562793],[-72.882227,-53.57832],[-72.809375,-53.565332],[-72.685498,-53.55791],[-72.482275,-53.588086],[-72.459229,-53.598828],[-72.3729,-53.6875],[-72.306689,-53.725391],[-72.20542,-53.807422],[-72.30625,-53.862109],[-72.365967,-53.94082],[-72.369141,-53.980762],[-72.408545,-54.003809],[-72.470508,-54.027734],[-72.562891,-54.07373],[-72.676562,-54.078906],[-72.788623,-54.103125],[-72.840381,-54.125098],[-72.870996,-54.126563],[-72.907275,-54.114648],[-72.946094,-54.09209],[-72.958594,-54.065918],[-72.881738,-54.041602],[-72.781689,-53.954785],[-72.76377,-53.864844],[-72.871729,-53.848535],[-72.936133,-53.86084],[-72.984229,-53.860547],[-73.039453,-53.832813],[-73.073047,-53.875293],[-73.085547,-53.915918],[-73.07085,-53.978027],[-73.080762,-53.998047],[-73.119971,-54.009375],[-73.210645,-53.98584],[-73.304736,-53.943945],[-73.312158,-53.919629],[-73.292871,-53.83584],[-73.294922,-53.79209],[-73.314355,-53.729199],[-73.324805,-53.722656],[-73.360107,-53.724023],[-73.470947,-53.736133],[-73.581641,-53.655469],[-73.641504,-53.570312],[-73.845459,-53.545801],[-73.686523,-53.426855],[-73.44707,-53.410059],[-73.365869,-53.470215],[-73.099365,-53.511914],[-73.115332,-53.448047],[-73.110889,-53.425195],[-73.074316,-53.396777],[-73.053613,-53.394434],[-73.02207,-53.414551],[-72.970947,-53.423047],[-72.947266,-53.44248],[-72.923242,-53.481641]]]}},{"type":"Feature","properties":{"scalerank":0,"featurecla":"Land","min_zoom":0},"geometry":{"type":"Polygon","coordinates":[[[-67.079932,-55.153809],[-67.109473,-55.19209],[-67.172559,-55.242578],[-67.257422,-55.281836],[-67.339697,-55.292578],[-67.399268,-55.272266],[-67.429395,-55.236523],[-67.443262,-55.201172],[-67.463477,-55.181738],[-67.494727,-55.177441],[-67.535254,-55.178516],[-67.585205,-55.191992],[-67.691455,-55.242969],[-67.736963,-55.256445],[-67.767773,-55.25957],[-68.07002,-55.221094],[-68.099512,-55.206836],[-68.135107,-55.172656],[-68.174316,-55.071289],[-68.301367,-54.980664],[-68.106934,-54.929395],[-67.874121,-54.929688],[-67.424561,-54.968945],[-67.245264,-54.977637],[-67.107324,-55.063574],[-67.085498,-55.115234],[-67.079932,-55.153809]]]}},{"type":"Feature","properties":{"scalerank":0,"featurecla":"Land","min_zoom":0},"geometry":{"type":"Polygon","coordinates":[[[-70.991602,-54.867969],[-70.945117,-54.931348],[-70.92793,-54.942969],[-70.804834,-54.967676],[-70.749316,-54.952734],[-70.615283,-54.945605],[-70.534766,-54.921289],[-70.417529,-54.908887],[-70.283057,-55.065918],[-70.297852,-55.11377],[-70.40415,-55.165625],[-70.475586,-55.177051],[-70.543457,-55.161328],[-70.538721,-55.134961],[-70.551074,-55.111914],[-70.597461,-55.082031],[-70.640918,-55.084863],[-70.710986,-55.106934],[-70.744434,-55.104199],[-70.815479,-55.079883],[-70.939844,-55.061914],[-70.964502,-55.039648],[-70.967285,-55.006836],[-70.990723,-54.99043],[-71.120361,-54.937793],[-71.20332,-54.892969],[-71.273633,-54.886914],[-71.299316,-54.892285],[-71.325342,-54.91377],[-71.388574,-54.934277],[-71.406641,-54.930859],[-71.426904,-54.91377],[-71.437207,-54.889258],[-71.410547,-54.839355],[-71.374268,-54.83457],[-71.19707,-54.844434],[-71.088623,-54.86748],[-70.991602,-54.867969]]]}},{"type":"Feature","properties":{"scalerank":0,"featurecla":"Land","min_zoom":3},"geometry":{"type":"Polygon","coordinates":[[[-67.288867,-55.776855],[-67.325293,-55.784766],[-67.352246,-55.766016],[-67.393359,-55.752734],[-67.559961,-55.724805],[-67.563477,-55.707813],[-67.546143,-55.683691],[-67.512793,-55.662012],[-67.448828,-55.640625],[-67.397363,-55.585156],[-67.374072,-55.589355],[-67.350586,-55.612109],[-67.310449,-55.688672],[-67.262451,-55.74375],[-67.267285,-55.762793],[-67.288867,-55.776855]]]}},{"type":"Feature","properties":{"scalerank":0,"featurecla":"Land","min_zoom":2},"geometry":{"type":"Polygon","coordinates":[[[-74.558643,-51.277051],[-74.560889,-51.36084],[-74.592578,-51.3875],[-74.620361,-51.395703],[-74.690723,-51.370215],[-74.730908,-51.367383],[-74.797363,-51.411719],[-74.85332,-51.43418],[-74.93667,-51.42832],[-75.047363,-51.39834],[-75.146289,-51.524316],[-75.192432,-51.566699],[-75.289111,-51.625391],[-75.300049,-51.556445],[-75.238477,-51.453516],[-75.21001,-51.383301],[-75.153662,-51.278809],[-75.040332,-51.318164],[-74.881445,-51.279492],[-74.73667,-51.207617],[-74.611572,-51.207129],[-74.570508,-51.24541],[-74.558643,-51.277051]]]}},{"type":"Feature","properties":{"scalerank":0,"featurecla":"Land","min_zoom":0},"geometry":{"type":"Polygon","coordinates":[[[-75.054785,-50.296094],[-75.250391,-50.37627],[-75.307861,-50.343066],[-75.449121,-50.343359],[-75.412109,-50.256641],[-75.397852,-50.192676],[-75.376709,-50.167969],[-75.368848,-50.112695],[-75.32666,-50.011816],[-75.209668,-50.04541],[-75.122559,-50.055273],[-75.004248,-50.088672],[-74.875977,-50.109961],[-74.838574,-50.197266],[-74.963379,-50.237305],[-75.054785,-50.296094]]]}},{"type":"Feature","properties":{"scalerank":0,"featurecla":"Land","min_zoom":0},"geometry":{"type":"Polygon","coordinates":[[[-74.822949,-51.630176],[-74.780127,-51.824707],[-74.749512,-51.851855],[-74.647461,-51.866211],[-74.536816,-51.965137],[-74.531836,-51.991992],[-74.665967,-52.160059],[-74.694482,-52.279199],[-74.851807,-52.270703],[-74.917725,-52.152246],[-75.017139,-52.037891],[-75.050684,-51.903906],[-75.105371,-51.788867],[-75.008105,-51.72373],[-74.915186,-51.738281],[-74.909668,-51.65],[-74.822949,-51.630176]]]}},{"type":"Feature","properties":{"scalerank":0,"featurecla":"Land","min_zoom":3},"geometry":{"type":"Polygon","coordinates":[[[-73.810645,-43.827246],[-73.789648,-43.876465],[-73.833643,-43.883203],[-73.90415,-43.875391],[-73.938281,-43.914258],[-73.955664,-43.921973],[-74.117773,-43.8875],[-74.142969,-43.872168],[-74.139941,-43.820996],[-73.967187,-43.816504],[-73.856934,-43.783789],[-73.841406,-43.788965],[-73.810645,-43.827246]]]}},{"type":"Feature","properties":{"scalerank":0,"featurecla":"Land","min_zoom":0},"geometry":{"type":"Polygon","coordinates":[[[-71.390479,-54.032813],[-71.16875,-54.112598],[-71.021924,-54.111816],[-71.022852,-54.161719],[-71.004883,-54.24668],[-71.028027,-54.281152],[-71.082959,-54.316309],[-71.117529,-54.366309],[-71.143262,-54.374023],[-71.304639,-54.313574],[-71.473291,-54.231152],[-71.558105,-54.245605],[-71.670605,-54.225391],[-71.76123,-54.229785],[-71.817578,-54.276465],[-71.948535,-54.300879],[-71.972363,-54.207227],[-72.091553,-54.11875],[-72.210449,-54.047754],[-72.146045,-53.938867],[-72.068945,-53.921289],[-71.996484,-53.884863],[-71.705127,-53.92334],[-71.55415,-53.956055],[-71.390479,-54.032813]]]}},{"type":"Feature","properties":{"scalerank":0,"featurecla":"Land","min_zoom":3},"geometry":{"type":"Polygon","coordinates":[[[-74.142187,-51.931055],[-74.17207,-51.94209],[-74.283105,-51.91875],[-74.338672,-51.897949],[-74.423633,-51.845117],[-74.437109,-51.790625],[-74.475391,-51.725684],[-74.450781,-51.724902],[-74.362109,-51.750684],[-74.325684,-51.770215],[-74.277051,-51.811621],[-74.133398,-51.870898],[-74.11543,-51.888477],[-74.118896,-51.911133],[-74.142187,-51.931055]]]}},{"type":"Feature","properties":{"scalerank":0,"featurecla":"Land","min_zoom":0},"geometry":{"type":"Polygon","coordinates":[[[-73.735352,-44.394531],[-73.78457,-44.4375],[-73.862305,-44.445117],[-73.983301,-44.494824],[-73.996045,-44.537988],[-74.002051,-44.590918],[-73.918555,-44.654687],[-73.877393,-44.728809],[-73.827881,-44.839844],[-73.792139,-44.945801],[-73.795361,-44.978613],[-73.786475,-45.033594],[-73.727148,-45.119043],[-73.72168,-45.157617],[-73.728174,-45.195898],[-73.7521,-45.266797],[-73.770996,-45.276563],[-73.829883,-45.283496],[-73.834473,-45.326562],[-73.848975,-45.340625],[-74.01626,-45.344922],[-74.099072,-45.325391],[-74.089258,-45.195703],[-74.195215,-45.144824],[-74.267969,-45.058984],[-74.349902,-44.91084],[-74.41875,-44.865234],[-74.498828,-44.748145],[-74.617773,-44.647949],[-74.480518,-44.58457],[-74.501807,-44.473535],[-74.42168,-44.435449],[-74.301221,-44.395703],[-74.2125,-44.426953],[-74.132812,-44.415918],[-74.097217,-44.389355],[-74.108105,-44.275879],[-74.082812,-44.186426],[-73.994922,-44.140234],[-73.900195,-44.134863],[-73.864551,-44.185352],[-73.817773,-44.234961],[-73.703223,-44.274121],[-73.703711,-44.325391],[-73.735352,-44.394531]]]}},{"type":"Feature","properties":{"scalerank":0,"featurecla":"Land","min_zoom":0},"geometry":{"type":"Polygon","coordinates":[[[-74.312891,-45.691504],[-74.368457,-45.73584],[-74.465527,-45.757227],[-74.561621,-45.722461],[-74.677734,-45.738574],[-74.689844,-45.662598],[-74.646436,-45.6],[-74.558398,-45.525586],[-74.494678,-45.425879],[-74.502344,-45.285156],[-74.45,-45.25293],[-74.421875,-45.203223],[-74.310547,-45.172656],[-74.2854,-45.277246],[-74.31543,-45.464063],[-74.240039,-45.574512],[-74.229199,-45.611328],[-74.243896,-45.653613],[-74.312891,-45.691504]]]}},{"type":"Feature","properties":{"scalerank":0,"featurecla":"Land","min_zoom":3},"geometry":{"type":"Polygon","coordinates":[]}},{"type":"Feature","properties":{"scalerank":0,"featurecla":"Land","min_zoom":3},"geometry":{"type":"Polygon","coordinates":[]}},{"type":"Feature","properties":{"scalerank":0,"featurecla":"Land","min_zoom":4},"geometry":{"type":"Polygon","coordinates":[]}},{"type":"Feature","properties":{"scalerank":0,"featurecla":"Land","min_zoom":3},"geometry":{"type":"Polygon","coordinates":[]}},{"type":"Feature","properties":{"scalerank":0,"featurecla":"Land","min_zoom":3},"geometry":{"type":"Polygon","coordinates":[]}},{"type":"Feature","properties":{"scalerank":0,"featurecla":"Land","min_zoom":4},"geometry":{"type":"Polygon","coordinates":[]}},{"type":"Feature","properties":{"scalerank":0,"featurecla":"Land","min_zoom":3},"geometry":{"type":"Polygon","coordinates":[]}},{"type":"Feature","properties":{"scalerank":0,"featurecla":"Land","min_zoom":4},"geometry":{"type":"Polygon","coordinates":[]}},{"type":"Feature","properties":{"scalerank":0,"featurecla":"Land","min_zoom":4},"geometry":{"type":"Polygon","coordinates":[]}},{"type":"Feature","properties":{"scalerank":0,"featurecla":"Land","min_zoom":3},"geometry":{"type":"Polygon","coordinates":[]}},{"type":"Feature","properties":{"scalerank":0,"featurecla":"Land","min_zoom":3},"geometry":{"type":"Polygon","coordinates":[]}},{"type":"Feature","properties":{"scalerank":0,"featurecla":"Land","min_zoom":2},"geometry":{"type":"Polygon","coordinates":[]}},{"type":"Feature","properties":{"scalerank":0,"featurecla":"Land","min_zoom":4},"geometry":{"type":"Polygon","coordinates":[]}},{"type":"Feature","properties":{"scalerank":0,"featurecla":"Land","min_zoom":3},"geometry":{"type":"Polygon","coordinates":[]}},{"type":"Feature","properties":{"scalerank":0,"featurecla":"Land","min_zoom":3},"geometry":{"type":"Polygon","coordinates":[]}},{"type":"Feature","properties":{"scalerank":0,"featurecla":"Land","min_zoom":3},"geometry":{"type":"Polygon","coordinates":[]}},{"type":"Feature","properties":{"scalerank":0,"featurecla":"Land","min_zoom":3},"geometry":{"type":"Polygon","coordinates":[]}},{"type":"Feature","properties":{"scalerank":0,"featurecla":"Land","min_zoom":4},"geometry":{"type":"Polygon","coordinates":[]}},{"type":"Feature","properties":{"scalerank":0,"featurecla":"Land","min_zoom":4},"geometry":{"type":"Polygon","coordinates":[]}},{"type":"Feature","properties":{"scalerank":0,"featurecla":"Land","min_zoom":2},"geometry":{"type":"Polygon","coordinates":[]}},{"type":"Feature","properties":{"scalerank":0,"featurecla":"Land","min_zoom":3},"geometry":{"type":"Polygon","coordinates":[]}},{"type":"Feature","properties":{"scalerank":0,"featurecla":"Land","min_zoom":4},"geometry":{"type":"Polygon","coordinates":[]}},{"type":"Feature","properties":{"scalerank":0,"featurecla":"Land","min_zoom":2},"geometry":{"type":"Polygon","coordinates":[]}},{"type":"Feature","properties":{"scalerank":0,"featurecla":"Land","min_zoom":4},"geometry":{"type":"Polygon","coordinates":[]}},{"type":"Feature","properties":{"scalerank":0,"featurecla":"Land","min_zoom":4},"geometry":{"type":"Polygon","coordinates":[]}},{"type":"Feature","properties":{"scalerank":0,"featurecla":"Land","min_zoom":2},"geometry":{"type":"Polygon","coordinates":[]}},{"type":"Feature","properties":{"scalerank":0,"featurecla":"Land","min_zoom":3},"geometry":{"type":"Polygon","coordinates":[]}},{"type":"Feature","properties":{"scalerank":0,"featurecla":"Land","min_zoom":3},"geometry":{"type":"Polygon","coordinates":[]}},{"type":"Feature","properties":{"scalerank":0,"featurecla":"Land","min_zoom":4},"geometry":{"type":"Polygon","coordinates":[]}},{"type":"Feature","properties":{"scalerank":0,"featurecla":"Land","min_zoom":4},"geometry":{"type":"Polygon","coordinates":[]}},{"type":"Feature","properties":{"scalerank":0,"featurecla":"Land","min_zoom":3},"geometry":{"type":"Polygon","coordinates":[]}},{"type":"Feature","properties":{"scalerank":0,"featurecla":"Land","min_zoom":4},"geometry":{"type":"Polygon","coordinates":[]}},{"type":"Feature","properties":{"scalerank":0,"featurecla":"Land","min_zoom":3},"geometry":{"type":"Polygon","coordinates":[]}},{"type":"Feature","properties":{"scalerank":0,"featurecla":"Land","min_zoom":3},"geometry":{"type":"Polygon","coordinates":[]}},{"type":"Feature","properties":{"scalerank":0,"featurecla":"Land","min_zoom":4},"geometry":{"type":"Polygon","coordinates":[]}},{"type":"Feature","properties":{"scalerank":0,"featurecla":"Land","min_zoom":3},"geometry":{"type":"Polygon","coordinates":[]}},{"type":"Feature","properties":{"scalerank":0,"featurecla":"Land","min_zoom":3},"geometry":{"type":"Polygon","coordinates":[]}},{"type":"Feature","properties":{"scalerank":0,"featurecla":"Land","min_zoom":3},"geometry":{"type":"Polygon","coordinates":[]}},{"type":"Feature","properties":{"scalerank":0,"featurecla":"Land","min_zoom":3},"geometry":{"type":"Polygon","coordinates":[]}},{"type":"Feature","properties":{"scalerank":0,"featurecla":"Land","min_zoom":3},"geometry":{"type":"Polygon","coordinates":[]}},{"type":"Feature","properties":{"scalerank":0,"featurecla":"Land","min_zoom":3},"geometry":{"type":"Polygon","coordinates":[]}},{"type":"Feature","properties":{"scalerank":0,"featurecla":"Land","min_zoom":2},"geometry":{"type":"Polygon","coordinates":[]}},{"type":"Feature","properties":{"scalerank":0,"featurecla":"Land","min_zoom":2},"geometry":{"type":"Polygon","coordinates":[]}},{"type":"Feature","properties":{"scalerank":0,"featurecla":"Land","min_zoom":3},"geometry":{"type":"Polygon","coordinates":[]}},{"type":"Feature","properties":{"scalerank":0,"featurecla":"Land","min_zoom":2},"geometry":{"type":"Polygon","coordinates":[]}},{"type":"Feature","properties":{"scalerank":0,"featurecla":"Land","min_zoom":3},"geometry":{"type":"Polygon","coordinates":[]}},{"type":"Feature","properties":{"scalerank":0,"featurecla":"Land","min_zoom":4},"geometry":{"type":"Polygon","coordinates":[]}},{"type":"Feature","properties":{"scalerank":0,"featurecla":"Land","min_zoom":3},"geometry":{"type":"Polygon","coordinates":[]}},{"type":"Feature","properties":{"scalerank":0,"featurecla":"Land","min_zoom":3},"geometry":{"type":"Polygon","coordinates":[]}},{"type":"Feature","properties":{"scalerank":0,"featurecla":"Land","min_zoom":2},"geometry":{"type":"Polygon","coordinates":[]}},{"type":"Feature","properties":{"scalerank":0,"featurecla":"Land","min_zoom":1.5},"geometry":{"type":"Polygon","coordinates":[]}},{"type":"Feature","properties":{"scalerank":0,"featurecla":"Land","min_zoom":1.5},"geometry":{"type":"Polygon","coordinates":[]}},{"type":"Feature","properties":{"scalerank":0,"featurecla":"Land","min_zoom":1},"geometry":{"type":"Polygon","coordinates":[]}},{"type":"Feature","properties":{"scalerank":0,"featurecla":"Land","min_zoom":3},"geometry":{"type":"Polygon","coordinates":[]}},{"type":"Feature","properties":{"scalerank":0,"featurecla":"Land","min_zoom":3},"geometry":{"type":"Polygon","coordinates":[]}},{"type":"Feature","properties":{"scalerank":0,"featurecla":"Land","min_zoom":3},"geometry":{"type":"Polygon","coordinates":[]}},{"type":"Feature","properties":{"scalerank":0,"featurecla":"Land","min_zoom":2},"geometry":{"type":"Polygon","coordinates":[]}},{"type":"Feature","properties":{"scalerank":0,"featurecla":"Land","min_zoom":4},"geometry":{"type":"Polygon","coordinates":[]}},{"type":"Feature","properties":{"scalerank":0,"featurecla":"Land","min_zoom":3},"geometry":{"type":"Polygon","coordinates":[]}},{"type":"Feature","properties":{"scalerank":0,"featurecla":"Land","min_zoom":3},"geometry":{"type":"Polygon","coordinates":[]}},{"type":"Feature","properties":{"scalerank":0,"featurecla":"Land","min_zoom":2},"geometry":{"type":"Polygon","coordinates":[]}},{"type":"Feature","properties":{"scalerank":0,"featurecla":"Land","min_zoom":3},"geometry":{"type":"Polygon","coordinates":[]}},{"type":"Feature","properties":{"scalerank":0,"featurecla":"Land","min_zoom":2},"geometry":{"type":"Polygon","coordinates":[]}},{"type":"Feature","properties":{"scalerank":0,"featurecla":"Land","min_zoom":3},"geometry":{"type":"Polygon","coordinates":[]}},{"type":"Feature","properties":{"scalerank":0,"featurecla":"Land","min_zoom":4},"geometry":{"type":"Polygon","coordinates":[]}},{"type":"Feature","properties":{"scalerank":0,"featurecla":"Land","min_zoom":3},"geometry":{"type":"Polygon","coordinates":[]}},{"type":"Feature","properties":{"scalerank":0,"featurecla":"Land","min_zoom":3},"geometry":{"type":"Polygon","coordinates":[]}},{"type":"Feature","properties":{"scalerank":0,"featurecla":"Land","min_zoom":3},"geometry":{"type":"Polygon","coordinates":[]}},{"type":"Feature","properties":{"scalerank":0,"featurecla":"Land","min_zoom":3},"geometry":{"type":"Polygon","coordinates":[]}},{"type":"Feature","properties":{"scalerank":0,"featurecla":"Land","min_zoom":2},"geometry":{"type":"Polygon","coordinates":[]}},{"type":"Feature","properties":{"scalerank":0,"featurecla":"Land","min_zoom":4},"geometry":{"type":"Polygon","coordinates":[]}},{"type":"Feature","properties":{"scalerank":0,"featurecla":"Land","min_zoom":4},"geometry":{"type":"Polygon","coordinates":[]}},{"type":"Feature","properties":{"scalerank":0,"featurecla":"Land","min_zoom":3},"geometry":{"type":"Polygon","coordinates":[]}},{"type":"Feature","properties":{"scalerank":0,"featurecla":"Land","min_zoom":2},"geometry":{"type":"Polygon","coordinates":[]}},{"type":"Feature","properties":{"scalerank":0,"featurecla":"Land","min_zoom":3},"geometry":{"type":"Polygon","coordinates":[]}},{"type":"Feature","properties":{"scalerank":0,"featurecla":"Land","min_zoom":4},"geometry":{"type":"Polygon","coordinates":[]}},{"type":"Feature","properties":{"scalerank":0,"featurecla":"Land","min_zoom":3},"geometry":{"type":"Polygon","coordinates":[]}},{"type":"Feature","properties":{"scalerank":0,"featurecla":"Land","min_zoom":3},"geometry":{"type":"Polygon","coordinates":[]}},{"type":"Feature","properties":{"scalerank":0,"featurecla":"Land","min_zoom":4},"geometry":{"type":"Polygon","coordinates":[]}},{"type":"Feature","properties":{"scalerank":0,"featurecla":"Land","min_zoom":4},"geometry":{"type":"Polygon","coordinates":[]}},{"type":"Feature","properties":{"scalerank":0,"featurecla":"Land","min_zoom":3},"geometry":{"type":"Polygon","coordinates":[]}},{"type":"Feature","properties":{"scalerank":0,"featurecla":"Land","min_zoom":3},"geometry":{"type":"Polygon","coordinates":[]}},{"type":"Feature","properties":{"scalerank":0,"featurecla":"Land","min_zoom":3},"geometry":{"type":"Polygon","coordinates":[]}},{"type":"Feature","properties":{"scalerank":0,"featurecla":"Land","min_zoom":4},"geometry":{"type":"Polygon","coordinates":[]}},{"type":"Feature","properties":{"scalerank":0,"featurecla":"Land","min_zoom":2},"geometry":{"type":"Polygon","coordinates":[]}},{"type":"Feature","properties":{"scalerank":0,"featurecla":"Land","min_zoom":3},"geometry":{"type":"Polygon","coordinates":[]}},{"type":"Feature","properties":{"scalerank":0,"featurecla":"Land","min_zoom":2},"geometry":{"type":"Polygon","coordinates":[]}},{"type":"Feature","properties":{"scalerank":0,"featurecla":"Land","min_zoom":3},"geometry":{"type":"Polygon","coordinates":[]}},{"type":"Feature","properties":{"scalerank":0,"featurecla":"Land","min_zoom":3},"geometry":{"type":"Polygon","coordinates":[]}},{"type":"Feature","properties":{"scalerank":0,"featurecla":"Land","min_zoom":3},"geometry":{"type":"Polygon","coordinates":[]}},{"type":"Feature","properties":{"scalerank":0,"featurecla":"Land","min_zoom":2},"geometry":{"type":"Polygon","coordinates":[]}},{"type":"Feature","properties":{"scalerank":0,"featurecla":"Land","min_zoom":2},"geometry":{"type":"Polygon","coordinates":[]}},{"type":"Feature","properties":{"scalerank":0,"featurecla":"Land","min_zoom":3},"geometry":{"type":"Polygon","coordinates":[]}},{"type":"Feature","properties":{"scalerank":0,"featurecla":"Land","min_zoom":3},"geometry":{"type":"Polygon","coordinates":[]}},{"type":"Feature","properties":{"scalerank":0,"featurecla":"Land","min_zoom":3},"geometry":{"type":"Polygon","coordinates":[]}},{"type":"Feature","properties":{"scalerank":0,"featurecla":"Land","min_zoom":3},"geometry":{"type":"Polygon","coordinates":[]}},{"type":"Feature","properties":{"scalerank":0,"featurecla":"Land","min_zoom":3},"geometry":{"type":"Polygon","coordinates":[]}},{"type":"Feature","properties":{"scalerank":0,"featurecla":"Land","min_zoom":3},"geometry":{"type":"Polygon","coordinates":[]}},{"type":"Feature","properties":{"scalerank":0,"featurecla":"Land","min_zoom":3},"geometry":{"type":"Polygon","coordinates":[]}},{"type":"Feature","properties":{"scalerank":0,"featurecla":"Land","min_zoom":4},"geometry":{"type":"Polygon","coordinates":[]}},{"type":"Feature","properties":{"scalerank":0,"featurecla":"Land","min_zoom":2},"geometry":{"type":"Polygon","coordinates":[]}},{"type":"Feature","properties":{"scalerank":0,"featurecla":"Land","min_zoom":3},"geometry":{"type":"Polygon","coordinates":[]}},{"type":"Feature","properties":{"scalerank":0,"featurecla":"Land","min_zoom":2},"geometry":{"type":"Polygon","coordinates":[]}},{"type":"Feature","properties":{"scalerank":0,"featurecla":"Land","min_zoom":4},"geometry":{"type":"Polygon","coordinates":[]}},{"type":"Feature","properties":{"scalerank":0,"featurecla":"Land","min_zoom":2},"geometry":{"type":"Polygon","coordinates":[]}},{"type":"Feature","properties":{"scalerank":0,"featurecla":"Land","min_zoom":3},"geometry":{"type":"Polygon","coordinates":[]}},{"type":"Feature","properties":{"scalerank":0,"featurecla":"Land","min_zoom":4},"geometry":{"type":"Polygon","coordinates":[]}},{"type":"Feature","properties":{"scalerank":0,"featurecla":"Land","min_zoom":3},"geometry":{"type":"Polygon","coordinates":[]}},{"type":"Feature","properties":{"scalerank":0,"featurecla":"Land","min_zoom":3},"geometry":{"type":"Polygon","coordinates":[]}},{"type":"Feature","properties":{"scalerank":0,"featurecla":"Land","min_zoom":2},"geometry":{"type":"Polygon","coordinates":[]}},{"type":"Feature","properties":{"scalerank":0,"featurecla":"Land","min_zoom":3},"geometry":{"type":"Polygon","coordinates":[]}},{"type":"Feature","properties":{"scalerank":0,"featurecla":"Land","min_zoom":4},"geometry":{"type":"Polygon","coordinates":[]}},{"type":"Feature","properties":{"scalerank":0,"featurecla":"Land","min_zoom":4},"geometry":{"type":"Polygon","coordinates":[]}},{"type":"Feature","properties":{"scalerank":0,"featurecla":"Land","min_zoom":3},"geometry":{"type":"Polygon","coordinates":[]}},{"type":"Feature","properties":{"scalerank":0,"featurecla":"Land","min_zoom":3},"geometry":{"type":"Polygon","coordinates":[]}},{"type":"Feature","properties":{"scalerank":0,"featurecla":"Land","min_zoom":3},"geometry":{"type":"Polygon","coordinates":[]}},{"type":"Feature","properties":{"scalerank":0,"featurecla":"Land","min_zoom":3},"geometry":{"type":"Polygon","coordinates":[]}},{"type":"Feature","properties":{"scalerank":0,"featurecla":"Land","min_zoom":2},"geometry":{"type":"Polygon","coordinates":[]}},{"type":"Feature","properties":{"scalerank":0,"featurecla":"Land","min_zoom":3},"geometry":{"type":"Polygon","coordinates":[]}},{"type":"Feature","properties":{"scalerank":0,"featurecla":"Land","min_zoom":3},"geometry":{"type":"Polygon","coordinates":[]}},{"type":"Feature","properties":{"scalerank":0,"featurecla":"Land","min_zoom":1},"geometry":{"type":"Polygon","coordinates":[]}},{"type":"Feature","properties":{"scalerank":0,"featurecla":"Land","min_zoom":3},"geometry":{"type":"Polygon","coordinates":[]}},{"type":"Feature","properties":{"scalerank":0,"featurecla":"Land","min_zoom":2},"geometry":{"type":"Polygon","coordinates":[]}},{"type":"Feature","properties":{"scalerank":0,"featurecla":"Land","min_zoom":3},"geometry":{"type":"Polygon","coordinates":[]}},{"type":"Feature","properties":{"scalerank":0,"featurecla":"Land","min_zoom":3},"geometry":{"type":"Polygon","coordinates":[]}},{"type":"Feature","properties":{"scalerank":0,"featurecla":"Land","min_zoom":3},"geometry":{"type":"Polygon","coordinates":[]}},{"type":"Feature","properties":{"scalerank":0,"featurecla":"Land","min_zoom":2},"geometry":{"type":"Polygon","coordinates":[]}},{"type":"Feature","properties":{"scalerank":0,"featurecla":"Land","min_zoom":3},"geometry":{"type":"Polygon","coordinates":[]}},{"type":"Feature","properties":{"scalerank":0,"featurecla":"Land","min_zoom":2},"geometry":{"type":"Polygon","coordinates":[]}},{"type":"Feature","properties":{"scalerank":0,"featurecla":"Land","min_zoom":3},"geometry":{"type":"Polygon","coordinates":[]}},{"type":"Feature","properties":{"scalerank":0,"featurecla":"Land","min_zoom":2},"geometry":{"type":"Polygon","coordinates":[]}},{"type":"Feature","properties":{"scalerank":0,"featurecla":"Land","min_zoom":2},"geometry":{"type":"Polygon","coordinates":[]}},{"type":"Feature","properties":{"scalerank":0,"featurecla":"Land","min_zoom":4},"geometry":{"type":"Polygon","coordinates":[]}},{"type":"Feature","properties":{"scalerank":0,"featurecla":"Land","min_zoom":3},"geometry":{"type":"Polygon","coordinates":[]}},{"type":"Feature","properties":{"scalerank":0,"featurecla":"Land","min_zoom":3},"geometry":{"type":"Polygon","coordinates":[]}},{"type":"Feature","properties":{"scalerank":0,"featurecla":"Land","min_zoom":3},"geometry":{"type":"Polygon","coordinates":[]}},{"type":"Feature","properties":{"scalerank":0,"featurecla":"Land","min_zoom":2},"geometry":{"type":"Polygon","coordinates":[]}},{"type":"Feature","properties":{"scalerank":0,"featurecla":"Land","min_zoom":2},"geometry":{"type":"Polygon","coordinates":[]}},{"type":"Feature","properties":{"scalerank":0,"featurecla":"Land","min_zoom":3},"geometry":{"type":"Polygon","coordinates":[]}},{"type":"Feature","properties":{"scalerank":0,"featurecla":"Land","min_zoom":3},"geometry":{"type":"Polygon","coordinates":[]}},{"type":"Feature","properties":{"scalerank":0,"featurecla":"Land","min_zoom":3},"geometry":{"type":"Polygon","coordinates":[]}},{"type":"Feature","properties":{"scalerank":0,"featurecla":"Land","min_zoom":4},"geometry":{"type":"Polygon","coordinates":[]}},{"type":"Feature","properties":{"scalerank":0,"featurecla":"Land","min_zoom":3},"geometry":{"type":"Polygon","coordinates":[]}},{"type":"Feature","properties":{"scalerank":0,"featurecla":"Land","min_zoom":4},"geometry":{"type":"Polygon","coordinates":[]}},{"type":"Feature","properties":{"scalerank":0,"featurecla":"Land","min_zoom":4},"geometry":{"type":"Polygon","coordinates":[]}},{"type":"Feature","properties":{"scalerank":0,"featurecla":"Land","min_zoom":2},"geometry":{"type":"Polygon","coordinates":[]}},{"type":"Feature","properties":{"scalerank":0,"featurecla":"Land","min_zoom":3},"geometry":{"type":"Polygon","coordinates":[]}},{"type":"Feature","properties":{"scalerank":0,"featurecla":"Land","min_zoom":3},"geometry":{"type":"Polygon","coordinates":[]}},{"type":"Feature","properties":{"scalerank":0,"featurecla":"Land","min_zoom":4},"geometry":{"type":"Polygon","coordinates":[]}},{"type":"Feature","properties":{"scalerank":0,"featurecla":"Land","min_zoom":2},"geometry":{"type":"Polygon","coordinates":[]}},{"type":"Feature","properties":{"scalerank":0,"featurecla":"Land","min_zoom":1},"geometry":{"type":"Polygon","coordinates":[]}},{"type":"Feature","properties":{"scalerank":0,"featurecla":"Land","min_zoom":3},"geometry":{"type":"Polygon","coordinates":[]}},{"type":"Feature","properties":{"scalerank":0,"featurecla":"Land","min_zoom":3},"geometry":{"type":"Polygon","coordinates":[]}},{"type":"Feature","properties":{"scalerank":0,"featurecla":"Land","min_zoom":4},"geometry":{"type":"Polygon","coordinates":[]}},{"type":"Feature","properties":{"scalerank":0,"featurecla":"Land","min_zoom":3},"geometry":{"type":"Polygon","coordinates":[]}},{"type":"Feature","properties":{"scalerank":0,"featurecla":"Land","min_zoom":2},"geometry":{"type":"Polygon","coordinates":[]}},{"type":"Feature","properties":{"scalerank":0,"featurecla":"Land","min_zoom":2},"geometry":{"type":"Polygon","coordinates":[]}},{"type":"Feature","properties":{"scalerank":0,"featurecla":"Land","min_zoom":2},"geometry":{"type":"Polygon","coordinates":[]}},{"type":"Feature","properties":{"scalerank":0,"featurecla":"Land","min_zoom":2},"geometry":{"type":"Polygon","coordinates":[]}},{"type":"Feature","properties":{"scalerank":0,"featurecla":"Land","min_zoom":3},"geometry":{"type":"Polygon","coordinates":[]}},{"type":"Feature","properties":{"scalerank":0,"featurecla":"Land","min_zoom":2},"geometry":{"type":"Polygon","coordinates":[]}},{"type":"Feature","properties":{"scalerank":0,"featurecla":"Land","min_zoom":4},"geometry":{"type":"Polygon","coordinates":[]}},{"type":"Feature","properties":{"scalerank":0,"featurecla":"Land","min_zoom":3},"geometry":{"type":"Polygon","coordinates":[]}},{"type":"Feature","properties":{"scalerank":0,"featurecla":"Land","min_zoom":2},"geometry":{"type":"Polygon","coordinates":[]}},{"type":"Feature","properties":{"scalerank":0,"featurecla":"Land","min_zoom":3},"geometry":{"type":"Polygon","coordinates":[]}},{"type":"Feature","properties":{"scalerank":0,"featurecla":"Land","min_zoom":3},"geometry":{"type":"Polygon","coordinates":[]}},{"type":"Feature","properties":{"scalerank":0,"featurecla":"Land","min_zoom":2},"geometry":{"type":"Polygon","coordinates":[]}},{"type":"Feature","properties":{"scalerank":0,"featurecla":"Land","min_zoom":2},"geometry":{"type":"Polygon","coordinates":[]}},{"type":"Feature","properties":{"scalerank":0,"featurecla":"Land","min_zoom":3},"geometry":{"type":"Polygon","coordinates":[]}},{"type":"Feature","properties":{"scalerank":0,"featurecla":"Land","min_zoom":4},"geometry":{"type":"Polygon","coordinates":[]}},{"type":"Feature","properties":{"scalerank":0,"featurecla":"Land","min_zoom":2},"geometry":{"type":"Polygon","coordinates":[]}},{"type":"Feature","properties":{"scalerank":0,"featurecla":"Land","min_zoom":3},"geometry":{"type":"Polygon","coordinates":[]}},{"type":"Feature","properties":{"scalerank":0,"featurecla":"Land","min_zoom":2},"geometry":{"type":"Polygon","coordinates":[]}},{"type":"Feature","properties":{"scalerank":0,"featurecla":"Land","min_zoom":0.5},"geometry":{"type":"Polygon","coordinates":[]}},{"type":"Feature","properties":{"scalerank":0,"featurecla":"Land","min_zoom":3},"geometry":{"type":"Polygon","coordinates":[]}},{"type":"Feature","properties":{"scalerank":0,"featurecla":"Land","min_zoom":3},"geometry":{"type":"Polygon","coordinates":[]}},{"type":"Feature","properties":{"scalerank":0,"featurecla":"Land","min_zoom":2},"geometry":{"type":"Polygon","coordinates":[]}},{"type":"Feature","properties":{"scalerank":0,"featurecla":"Land","min_zoom":3},"geometry":{"type":"Polygon","coordinates":[]}},{"type":"Feature","properties":{"scalerank":0,"featurecla":"Land","min_zoom":2},"geometry":{"type":"Polygon","coordinates":[]}},{"type":"Feature","properties":{"scalerank":0,"featurecla":"Land","min_zoom":4},"geometry":{"type":"Polygon","coordinates":[]}},{"type":"Feature","properties":{"scalerank":0,"featurecla":"Land","min_zoom":4},"geometry":{"type":"Polygon","coordinates":[]}},{"type":"Feature","properties":{"scalerank":0,"featurecla":"Land","min_zoom":3},"geometry":{"type":"Polygon","coordinates":[]}},{"type":"Feature","properties":{"scalerank":0,"featurecla":"Land","min_zoom":3},"geometry":{"type":"Polygon","coordinates":[]}},{"type":"Feature","properties":{"scalerank":0,"featurecla":"Land","min_zoom":2},"geometry":{"type":"Polygon","coordinates":[]}},{"type":"Feature","properties":{"scalerank":0,"featurecla":"Land","min_zoom":2},"geometry":{"type":"Polygon","coordinates":[]}},{"type":"Feature","properties":{"scalerank":0,"featurecla":"Land","min_zoom":1.5},"geometry":{"type":"Polygon","coordinates":[]}},{"type":"Feature","properties":{"scalerank":0,"featurecla":"Land","min_zoom":1.5},"geometry":{"type":"Polygon","coordinates":[]}},{"type":"Feature","properties":{"scalerank":0,"featurecla":"Land","min_zoom":3},"geometry":{"type":"Polygon","coordinates":[]}},{"type":"Feature","properties":{"scalerank":0,"featurecla":"Land","min_zoom":3},"geometry":{"type":"Polygon","coordinates":[]}},{"type":"Feature","properties":{"scalerank":0,"featurecla":"Land","min_zoom":3},"geometry":{"type":"Polygon","coordinates":[]}},{"type":"Feature","properties":{"scalerank":0,"featurecla":"Land","min_zoom":3},"geometry":{"type":"Polygon","coordinates":[]}},{"type":"Feature","properties":{"scalerank":0,"featurecla":"Land","min_zoom":2},"geometry":{"type":"Polygon","coordinates":[]}},{"type":"Feature","properties":{"scalerank":0,"featurecla":"Land","min_zoom":0.5},"geometry":{"type":"Polygon","coordinates":[]}},{"type":"Feature","properties":{"scalerank":0,"featurecla":"Land","min_zoom":0.5},"geometry":{"type":"Polygon","coordinates":[]}},{"type":"Feature","properties":{"scalerank":0,"featurecla":"Land","min_zoom":2},"geometry":{"type":"Polygon","coordinates":[]}},{"type":"Feature","properties":{"scalerank":0,"featurecla":"Land","min_zoom":2},"geometry":{"type":"Polygon","coordinates":[]}},{"type":"Feature","properties":{"scalerank":0,"featurecla":"Land","min_zoom":3},"geometry":{"type":"Polygon","coordinates":[]}},{"type":"Feature","properties":{"scalerank":0,"featurecla":"Land","min_zoom":2},"geometry":{"type":"Polygon","coordinates":[]}},{"type":"Feature","properties":{"scalerank":0,"featurecla":"Land","min_zoom":2},"geometry":{"type":"Polygon","coordinates":[]}},{"type":"Feature","properties":{"scalerank":0,"featurecla":"Land","min_zoom":4},"geometry":{"type":"Polygon","coordinates":[]}},{"type":"Feature","properties":{"scalerank":0,"featurecla":"Land","min_zoom":2},"geometry":{"type":"Polygon","coordinates":[]}},{"type":"Feature","properties":{"scalerank":0,"featurecla":"Land","min_zoom":4},"geometry":{"type":"Polygon","coordinates":[]}},{"type":"Feature","properties":{"scalerank":0,"featurecla":"Land","min_zoom":3},"geometry":{"type":"Polygon","coordinates":[]}},{"type":"Feature","properties":{"scalerank":0,"featurecla":"Land","min_zoom":2},"geometry":{"type":"Polygon","coordinates":[]}},{"type":"Feature","properties":{"scalerank":0,"featurecla":"Land","min_zoom":3},"geometry":{"type":"Polygon","coordinates":[]}},{"type":"Feature","properties":{"scalerank":0,"featurecla":"Land","min_zoom":4},"geometry":{"type":"Polygon","coordinates":[]}},{"type":"Feature","properties":{"scalerank":0,"featurecla":"Land","min_zoom":3},"geometry":{"type":"Polygon","coordinates":[]}},{"type":"Feature","properties":{"scalerank":0,"featurecla":"Land","min_zoom":4},"geometry":{"type":"Polygon","coordinates":[]}},{"type":"Feature","properties":{"scalerank":0,"featurecla":"Land","min_zoom":3},"geometry":{"type":"Polygon","coordinates":[]}},{"type":"Feature","properties":{"scalerank":0,"featurecla":"Land","min_zoom":3},"geometry":{"type":"Polygon","coordinates":[]}},{"type":"Feature","properties":{"scalerank":0,"featurecla":"Land","min_zoom":3},"geometry":{"type":"Polygon","coordinates":[]}},{"type":"Feature","properties":{"scalerank":0,"featurecla":"Land","min_zoom":2},"geometry":{"type":"Polygon","coordinates":[]}},{"type":"Feature","properties":{"scalerank":0,"featurecla":"Land","min_zoom":3},"geometry":{"type":"Polygon","coordinates":[]}},{"type":"Feature","properties":{"scalerank":0,"featurecla":"Land","min_zoom":3},"geometry":{"type":"Polygon","coordinates":[]}},{"type":"Feature","properties":{"scalerank":0,"featurecla":"Land","min_zoom":3},"geometry":{"type":"Polygon","coordinates":[]}},{"type":"Feature","properties":{"scalerank":0,"featurecla":"Land","min_zoom":3},"geometry":{"type":"Polygon","coordinates":[]}},{"type":"Feature","properties":{"scalerank":0,"featurecla":"Land","min_zoom":2},"geometry":{"type":"Polygon","coordinates":[]}},{"type":"Feature","properties":{"scalerank":0,"featurecla":"Land","min_zoom":3},"geometry":{"type":"Polygon","coordinates":[]}},{"type":"Feature","properties":{"scalerank":0,"featurecla":"Land","min_zoom":1},"geometry":{"type":"Polygon","coordinates":[]}},{"type":"Feature","properties":{"scalerank":0,"featurecla":"Land","min_zoom":2},"geometry":{"type":"Polygon","coordinates":[]}},{"type":"Feature","properties":{"scalerank":0,"featurecla":"Land","min_zoom":3},"geometry":{"type":"Polygon","coordinates":[]}},{"type":"Feature","properties":{"scalerank":0,"featurecla":"Land","min_zoom":2},"geometry":{"type":"Polygon","coordinates":[]}},{"type":"Feature","properties":{"scalerank":0,"featurecla":"Land","min_zoom":2},"geometry":{"type":"Polygon","coordinates":[]}},{"type":"Feature","properties":{"scalerank":0,"featurecla":"Land","min_zoom":2},"geometry":{"type":"Polygon","coordinates":[]}},{"type":"Feature","properties":{"scalerank":0,"featurecla":"Land","min_zoom":3},"geometry":{"type":"Polygon","coordinates":[]}},{"type":"Feature","properties":{"scalerank":0,"featurecla":"Land","min_zoom":3},"geometry":{"type":"Polygon","coordinates":[]}},{"type":"Feature","properties":{"scalerank":0,"featurecla":"Land","min_zoom":3},"geometry":{"type":"Polygon","coordinates":[]}},{"type":"Feature","properties":{"scalerank":0,"featurecla":"Land","min_zoom":3},"geometry":{"type":"Polygon","coordinates":[]}},{"type":"Feature","properties":{"scalerank":0,"featurecla":"Land","min_zoom":3},"geometry":{"type":"Polygon","coordinates":[]}},{"type":"Feature","properties":{"scalerank":0,"featurecla":"Land","min_zoom":3},"geometry":{"type":"Polygon","coordinates":[]}},{"type":"Feature","properties":{"scalerank":0,"featurecla":"Land","min_zoom":2},"geometry":{"type":"Polygon","coordinates":[]}},{"type":"Feature","properties":{"scalerank":0,"featurecla":"Land","min_zoom":3},"geometry":{"type":"Polygon","coordinates":[]}},{"type":"Feature","properties":{"scalerank":0,"featurecla":"Land","min_zoom":3},"geometry":{"type":"Polygon","coordinates":[]}},{"type":"Feature","properties":{"scalerank":0,"featurecla":"Land","min_zoom":0.5},"geometry":{"type":"Polygon","coordinates":[]}},{"type":"Feature","properties":{"scalerank":0,"featurecla":"Land","min_zoom":3},"geometry":{"type":"Polygon","coordinates":[]}},{"type":"Feature","properties":{"scalerank":0,"featurecla":"Land","min_zoom":2},"geometry":{"type":"Polygon","coordinates":[]}},{"type":"Feature","properties":{"scalerank":0,"featurecla":"Land","min_zoom":4},"geometry":{"type":"Polygon","coordinates":[]}},{"type":"Feature","properties":{"scalerank":0,"featurecla":"Land","min_zoom":2},"geometry":{"type":"Polygon","coordinates":[]}},{"type":"Feature","properties":{"scalerank":0,"featurecla":"Land","min_zoom":3},"geometry":{"type":"Polygon","coordinates":[]}},{"type":"Feature","properties":{"scalerank":0,"featurecla":"Land","min_zoom":3},"geometry":{"type":"Polygon","coordinates":[]}},{"type":"Feature","properties":{"scalerank":0,"featurecla":"Land","min_zoom":0.5},"geometry":{"type":"Polygon","coordinates":[]}},{"type":"Feature","properties":{"scalerank":0,"featurecla":"Land","min_zoom":2},"geometry":{"type":"Polygon","coordinates":[]}},{"type":"Feature","properties":{"scalerank":0,"featurecla":"Land","min_zoom":2},"geometry":{"type":"Polygon","coordinates":[]}},{"type":"Feature","properties":{"scalerank":0,"featurecla":"Land","min_zoom":0.5},"geometry":{"type":"Polygon","coordinates":[]}},{"type":"Feature","properties":{"scalerank":0,"featurecla":"Land","min_zoom":2},"geometry":{"type":"Polygon","coordinates":[]}},{"type":"Feature","properties":{"scalerank":0,"featurecla":"Land","min_zoom":3},"geometry":{"type":"Polygon","coordinates":[]}},{"type":"Feature","properties":{"scalerank":0,"featurecla":"Land","min_zoom":3},"geometry":{"type":"Polygon","coordinates":[]}},{"type":"Feature","properties":{"scalerank":0,"featurecla":"Land","min_zoom":3},"geometry":{"type":"Polygon","coordinates":[]}},{"type":"Feature","properties":{"scalerank":0,"featurecla":"Land","min_zoom":4},"geometry":{"type":"Polygon","coordinates":[]}},{"type":"Feature","properties":{"scalerank":0,"featurecla":"Land","min_zoom":3},"geometry":{"type":"Polygon","coordinates":[]}},{"type":"Feature","properties":{"scalerank":0,"featurecla":"Land","min_zoom":2},"geometry":{"type":"Polygon","coordinates":[]}},{"type":"Feature","properties":{"scalerank":0,"featurecla":"Land","min_zoom":3},"geometry":{"type":"Polygon","coordinates":[]}},{"type":"Feature","properties":{"scalerank":0,"featurecla":"Land","min_zoom":3},"geometry":{"type":"Polygon","coordinates":[]}},{"type":"Feature","properties":{"scalerank":0,"featurecla":"Land","min_zoom":2},"geometry":{"type":"Polygon","coordinates":[]}},{"type":"Feature","properties":{"scalerank":0,"featurecla":"Land","min_zoom":2},"geometry":{"type":"Polygon","coordinates":[]}},{"type":"Feature","properties":{"scalerank":0,"featurecla":"Land","min_zoom":3},"geometry":{"type":"Polygon","coordinates":[]}},{"type":"Feature","properties":{"scalerank":0,"featurecla":"Land","min_zoom":2},"geometry":{"type":"Polygon","coordinates":[]}},{"type":"Feature","properties":{"scalerank":0,"featurecla":"Land","min_zoom":4},"geometry":{"type":"Polygon","coordinates":[]}},{"type":"Feature","properties":{"scalerank":0,"featurecla":"Land","min_zoom":3},"geometry":{"type":"Polygon","coordinates":[]}},{"type":"Feature","properties":{"scalerank":0,"featurecla":"Land","min_zoom":3},"geometry":{"type":"Polygon","coordinates":[]}},{"type":"Feature","properties":{"scalerank":0,"featurecla":"Land","min_zoom":2},"geometry":{"type":"Polygon","coordinates":[]}},{"type":"Feature","properties":{"scalerank":0,"featurecla":"Land","min_zoom":3},"geometry":{"type":"Polygon","coordinates":[]}},{"type":"Feature","properties":{"scalerank":0,"featurecla":"Land","min_zoom":2},"geometry":{"type":"Polygon","coordinates":[]}},{"type":"Feature","properties":{"scalerank":0,"featurecla":"Land","min_zoom":3},"geometry":{"type":"Polygon","coordinates":[]}},{"type":"Feature","properties":{"scalerank":0,"featurecla":"Land","min_zoom":3},"geometry":{"type":"Polygon","coordinates":[]}},{"type":"Feature","properties":{"scalerank":0,"featurecla":"Land","min_zoom":2},"geometry":{"type":"Polygon","coordinates":[]}},{"type":"Feature","properties":{"scalerank":0,"featurecla":"Land","min_zoom":2},"geometry":{"type":"Polygon","coordinates":[]}},{"type":"Feature","properties":{"scalerank":0,"featurecla":"Land","min_zoom":3},"geometry":{"type":"Polygon","coordinates":[]}},{"type":"Feature","properties":{"scalerank":0,"featurecla":"Land","min_zoom":2},"geometry":{"type":"Polygon","coordinates":[]}},{"type":"Feature","properties":{"scalerank":0,"featurecla":"Land","min_zoom":3},"geometry":{"type":"Polygon","coordinates":[]}},{"type":"Feature","properties":{"scalerank":0,"featurecla":"Land","min_zoom":3},"geometry":{"type":"Polygon","coordinates":[]}},{"type":"Feature","properties":{"scalerank":0,"featurecla":"Land","min_zoom":3},"geometry":{"type":"Polygon","coordinates":[]}},{"type":"Feature","properties":{"scalerank":0,"featurecla":"Land","min_zoom":3},"geometry":{"type":"Polygon","coordinates":[]}},{"type":"Feature","properties":{"scalerank":0,"featurecla":"Land","min_zoom":2},"geometry":{"type":"Polygon","coordinates":[]}},{"type":"Feature","properties":{"scalerank":0,"featurecla":"Land","min_zoom":3},"geometry":{"type":"Polygon","coordinates":[]}},{"type":"Feature","properties":{"scalerank":0,"featurecla":"Land","min_zoom":3},"geometry":{"type":"Polygon","coordinates":[]}},{"type":"Feature","properties":{"scalerank":0,"featurecla":"Land","min_zoom":4},"geometry":{"type":"Polygon","coordinates":[]}},{"type":"Feature","properties":{"scalerank":0,"featurecla":"Land","min_zoom":3},"geometry":{"type":"Polygon","coordinates":[]}},{"type":"Feature","properties":{"scalerank":0,"featurecla":"Land","min_zoom":3},"geometry":{"type":"Polygon","coordinates":[]}},{"type":"Feature","properties":{"scalerank":0,"featurecla":"Land","min_zoom":3},"geometry":{"type":"Polygon","coordinates":[]}},{"type":"Feature","properties":{"scalerank":0,"featurecla":"Land","min_zoom":3},"geometry":{"type":"Polygon","coordinates":[]}},{"type":"Feature","properties":{"scalerank":0,"featurecla":"Land","min_zoom":3},"geometry":{"type":"Polygon","coordinates":[]}},{"type":"Feature","properties":{"scalerank":0,"featurecla":"Land","min_zoom":2},"geometry":{"type":"Polygon","coordinates":[]}},{"type":"Feature","properties":{"scalerank":0,"featurecla":"Land","min_zoom":2},"geometry":{"type":"Polygon","coordinates":[]}},{"type":"Feature","properties":{"scalerank":0,"featurecla":"Land","min_zoom":4},"geometry":{"type":"Polygon","coordinates":[]}},{"type":"Feature","properties":{"scalerank":0,"featurecla":"Land","min_zoom":2},"geometry":{"type":"Polygon","coordinates":[]}},{"type":"Feature","properties":{"scalerank":0,"featurecla":"Land","min_zoom":3},"geometry":{"type":"Polygon","coordinates":[]}},{"type":"Feature","properties":{"scalerank":0,"featurecla":"Land","min_zoom":3},"geometry":{"type":"Polygon","coordinates":[]}},{"type":"Feature","properties":{"scalerank":0,"featurecla":"Land","min_zoom":4},"geometry":{"type":"Polygon","coordinates":[]}},{"type":"Feature","properties":{"scalerank":0,"featurecla":"Land","min_zoom":3},"geometry":{"type":"Polygon","coordinates":[]}},{"type":"Feature","properties":{"scalerank":0,"featurecla":"Land","min_zoom":3},"geometry":{"type":"Polygon","coordinates":[]}},{"type":"Feature","properties":{"scalerank":0,"featurecla":"Land","min_zoom":2},"geometry":{"type":"Polygon","coordinates":[]}},{"type":"Feature","properties":{"scalerank":0,"featurecla":"Land","min_zoom":2},"geometry":{"type":"Polygon","coordinates":[]}},{"type":"Feature","properties":{"scalerank":0,"featurecla":"Land","min_zoom":3},"geometry":{"type":"Polygon","coordinates":[]}},{"type":"Feature","properties":{"scalerank":0,"featurecla":"Land","min_zoom":3},"geometry":{"type":"Polygon","coordinates":[]}},{"type":"Feature","properties":{"scalerank":0,"featurecla":"Land","min_zoom":3},"geometry":{"type":"Polygon","coordinates":[]}},{"type":"Feature","properties":{"scalerank":0,"featurecla":"Land","min_zoom":2},"geometry":{"type":"Polygon","coordinates":[]}},{"type":"Feature","properties":{"scalerank":0,"featurecla":"Land","min_zoom":2},"geometry":{"type":"Polygon","coordinates":[]}},{"type":"Feature","properties":{"scalerank":0,"featurecla":"Land","min_zoom":4},"geometry":{"type":"Polygon","coordinates":[]}},{"type":"Feature","properties":{"scalerank":0,"featurecla":"Land","min_zoom":3},"geometry":{"type":"Polygon","coordinates":[]}},{"type":"Feature","properties":{"scalerank":0,"featurecla":"Land","min_zoom":4},"geometry":{"type":"Polygon","coordinates":[]}},{"type":"Feature","properties":{"scalerank":0,"featurecla":"Land","min_zoom":3},"geometry":{"type":"Polygon","coordinates":[]}},{"type":"Feature","properties":{"scalerank":0,"featurecla":"Land","min_zoom":3},"geometry":{"type":"Polygon","coordinates":[]}},{"type":"Feature","properties":{"scalerank":0,"featurecla":"Land","min_zoom":3},"geometry":{"type":"Polygon","coordinates":[]}},{"type":"Feature","properties":{"scalerank":0,"featurecla":"Land","min_zoom":4},"geometry":{"type":"Polygon","coordinates":[]}},{"type":"Feature","properties":{"scalerank":0,"featurecla":"Land","min_zoom":3},"geometry":{"type":"Polygon","coordinates":[]}},{"type":"Feature","properties":{"scalerank":0,"featurecla":"Land","min_zoom":3},"geometry":{"type":"Polygon","coordinates":[]}},{"type":"Feature","properties":{"scalerank":0,"featurecla":"Land","min_zoom":3},"geometry":{"type":"Polygon","coordinates":[]}},{"type":"Feature","properties":{"scalerank":0,"featurecla":"Land","min_zoom":3},"geometry":{"type":"Polygon","coordinates":[]}},{"type":"Feature","properties":{"scalerank":0,"featurecla":"Land","min_zoom":3},"geometry":{"type":"Polygon","coordinates":[]}},{"type":"Feature","properties":{"scalerank":0,"featurecla":"Land","min_zoom":3},"geometry":{"type":"Polygon","coordinates":[]}},{"type":"Feature","properties":{"scalerank":0,"featurecla":"Land","min_zoom":3},"geometry":{"type":"Polygon","coordinates":[]}},{"type":"Feature","properties":{"scalerank":0,"featurecla":"Land","min_zoom":4},"geometry":{"type":"Polygon","coordinates":[]}},{"type":"Feature","properties":{"scalerank":0,"featurecla":"Land","min_zoom":3},"geometry":{"type":"Polygon","coordinates":[]}},{"type":"Feature","properties":{"scalerank":0,"featurecla":"Land","min_zoom":3},"geometry":{"type":"Polygon","coordinates":[]}},{"type":"Feature","properties":{"scalerank":0,"featurecla":"Land","min_zoom":4},"geometry":{"type":"Polygon","coordinates":[]}},{"type":"Feature","properties":{"scalerank":0,"featurecla":"Land","min_zoom":3},"geometry":{"type":"Polygon","coordinates":[]}},{"type":"Feature","properties":{"scalerank":0,"featurecla":"Land","min_zoom":3},"geometry":{"type":"Polygon","coordinates":[]}},{"type":"Feature","properties":{"scalerank":0,"featurecla":"Land","min_zoom":3},"geometry":{"type":"Polygon","coordinates":[]}},{"type":"Feature","properties":{"scalerank":0,"featurecla":"Land","min_zoom":3},"geometry":{"type":"Polygon","coordinates":[]}},{"type":"Feature","properties":{"scalerank":0,"featurecla":"Land","min_zoom":4},"geometry":{"type":"Polygon","coordinates":[]}},{"type":"Feature","properties":{"scalerank":0,"featurecla":"Land","min_zoom":2},"geometry":{"type":"Polygon","coordinates":[]}},{"type":"Feature","properties":{"scalerank":0,"featurecla":"Land","min_zoom":2},"geometry":{"type":"Polygon","coordinates":[]}},{"type":"Feature","properties":{"scalerank":0,"featurecla":"Land","min_zoom":3},"geometry":{"type":"Polygon","coordinates":[]}},{"type":"Feature","properties":{"scalerank":0,"featurecla":"Land","min_zoom":2},"geometry":{"type":"Polygon","coordinates":[]}},{"type":"Feature","properties":{"scalerank":0,"featurecla":"Land","min_zoom":3},"geometry":{"type":"Polygon","coordinates":[]}},{"type":"Feature","properties":{"scalerank":0,"featurecla":"Land","min_zoom":2},"geometry":{"type":"Polygon","coordinates":[]}},{"type":"Feature","properties":{"scalerank":0,"featurecla":"Land","min_zoom":3},"geometry":{"type":"Polygon","coordinates":[]}},{"type":"Feature","properties":{"scalerank":0,"featurecla":"Land","min_zoom":3},"geometry":{"type":"Polygon","coordinates":[]}},{"type":"Feature","properties":{"scalerank":0,"featurecla":"Land","min_zoom":4},"geometry":{"type":"Polygon","coordinates":[]}},{"type":"Feature","properties":{"scalerank":0,"featurecla":"Land","min_zoom":3},"geometry":{"type":"Polygon","coordinates":[]}},{"type":"Feature","properties":{"scalerank":0,"featurecla":"Land","min_zoom":2},"geometry":{"type":"Polygon","coordinates":[]}},{"type":"Feature","properties":{"scalerank":0,"featurecla":"Land","min_zoom":2},"geometry":{"type":"Polygon","coordinates":[]}},{"type":"Feature","properties":{"scalerank":0,"featurecla":"Land","min_zoom":3},"geometry":{"type":"Polygon","coordinates":[]}},{"type":"Feature","properties":{"scalerank":0,"featurecla":"Land","min_zoom":2},"geometry":{"type":"Polygon","coordinates":[]}},{"type":"Feature","properties":{"scalerank":0,"featurecla":"Land","min_zoom":3},"geometry":{"type":"Polygon","coordinates":[]}},{"type":"Feature","properties":{"scalerank":0,"featurecla":"Land","min_zoom":3},"geometry":{"type":"Polygon","coordinates":[]}},{"type":"Feature","properties":{"scalerank":0,"featurecla":"Land","min_zoom":0},"geometry":{"type":"Polygon","coordinates":[]}},{"type":"Feature","properties":{"scalerank":0,"featurecla":"Land","min_zoom":3},"geometry":{"type":"Polygon","coordinates":[]}},{"type":"Feature","properties":{"scalerank":0,"featurecla":"Land","min_zoom":3},"geometry":{"type":"Polygon","coordinates":[]}},{"type":"Feature","properties":{"scalerank":0,"featurecla":"Land","min_zoom":3},"geometry":{"type":"Polygon","coordinates":[]}},{"type":"Feature","properties":{"scalerank":0,"featurecla":"Land","min_zoom":2},"geometry":{"type":"Polygon","coordinates":[]}},{"type":"Feature","properties":{"scalerank":0,"featurecla":"Land","min_zoom":3},"geometry":{"type":"Polygon","coordinates":[]}},{"type":"Feature","properties":{"scalerank":0,"featurecla":"Land","min_zoom":2},"geometry":{"type":"Polygon","coordinates":[]}},{"type":"Feature","properties":{"scalerank":0,"featurecla":"Land","min_zoom":4},"geometry":{"type":"Polygon","coordinates":[]}},{"type":"Feature","properties":{"scalerank":0,"featurecla":"Land","min_zoom":3},"geometry":{"type":"Polygon","coordinates":[]}},{"type":"Feature","properties":{"scalerank":0,"featurecla":"Land","min_zoom":3},"geometry":{"type":"Polygon","coordinates":[]}},{"type":"Feature","properties":{"scalerank":0,"featurecla":"Land","min_zoom":3},"geometry":{"type":"Polygon","coordinates":[]}},{"type":"Feature","properties":{"scalerank":0,"featurecla":"Land","min_zoom":3},"geometry":{"type":"Polygon","coordinates":[]}},{"type":"Feature","properties":{"scalerank":0,"featurecla":"Land","min_zoom":3},"geometry":{"type":"Polygon","coordinates":[]}},{"type":"Feature","properties":{"scalerank":0,"featurecla":"Land","min_zoom":3},"geometry":{"type":"Polygon","coordinates":[]}},{"type":"Feature","properties":{"scalerank":0,"featurecla":"Land","min_zoom":2},"geometry":{"type":"Polygon","coordinates":[]}},{"type":"Feature","properties":{"scalerank":0,"featurecla":"Land","min_zoom":3},"geometry":{"type":"Polygon","coordinates":[]}},{"type":"Feature","properties":{"scalerank":0,"featurecla":"Land","min_zoom":3},"geometry":{"type":"Polygon","coordinates":[]}},{"type":"Feature","properties":{"scalerank":0,"featurecla":"Land","min_zoom":3},"geometry":{"type":"Polygon","coordinates":[]}},{"type":"Feature","properties":{"scalerank":0,"featurecla":"Land","min_zoom":4},"geometry":{"type":"Polygon","coordinates":[]}},{"type":"Feature","properties":{"scalerank":0,"featurecla":"Land","min_zoom":4},"geometry":{"type":"Polygon","coordinates":[]}},{"type":"Feature","properties":{"scalerank":0,"featurecla":"Land","min_zoom":3},"geometry":{"type":"Polygon","coordinates":[]}},{"type":"Feature","properties":{"scalerank":0,"featurecla":"Land","min_zoom":3},"geometry":{"type":"Polygon","coordinates":[]}},{"type":"Feature","properties":{"scalerank":0,"featurecla":"Land","min_zoom":3},"geometry":{"type":"Polygon","coordinates":[]}},{"type":"Feature","properties":{"scalerank":0,"featurecla":"Land","min_zoom":3},"geometry":{"type":"Polygon","coordinates":[]}},{"type":"Feature","properties":{"scalerank":0,"featurecla":"Land","min_zoom":3},"geometry":{"type":"Polygon","coordinates":[]}},{"type":"Feature","properties":{"scalerank":0,"featurecla":"Land","min_zoom":3},"geometry":{"type":"Polygon","coordinates":[]}},{"type":"Feature","properties":{"scalerank":0,"featurecla":"Land","min_zoom":4},"geometry":{"type":"Polygon","coordinates":[]}},{"type":"Feature","properties":{"scalerank":0,"featurecla":"Land","min_zoom":3},"geometry":{"type":"Polygon","coordinates":[]}},{"type":"Feature","properties":{"scalerank":0,"featurecla":"Land","min_zoom":3},"geometry":{"type":"Polygon","coordinates":[]}},{"type":"Feature","properties":{"scalerank":0,"featurecla":"Land","min_zoom":4},"geometry":{"type":"Polygon","coordinates":[]}},{"type":"Feature","properties":{"scalerank":0,"featurecla":"Land","min_zoom":3},"geometry":{"type":"Polygon","coordinates":[]}},{"type":"Feature","properties":{"scalerank":0,"featurecla":"Land","min_zoom":3},"geometry":{"type":"Polygon","coordinates":[]}},{"type":"Feature","properties":{"scalerank":0,"featurecla":"Land","min_zoom":4},"geometry":{"type":"Polygon","coordinates":[]}},{"type":"Feature","properties":{"scalerank":0,"featurecla":"Land","min_zoom":2},"geometry":{"type":"Polygon","coordinates":[]}},{"type":"Feature","properties":{"scalerank":0,"featurecla":"Land","min_zoom":3},"geometry":{"type":"Polygon","coordinates":[]}},{"type":"Feature","properties":{"scalerank":0,"featurecla":"Land","min_zoom":3},"geometry":{"type":"Polygon","coordinates":[]}},{"type":"Feature","properties":{"scalerank":0,"featurecla":"Land","min_zoom":2},"geometry":{"type":"Polygon","coordinates":[]}},{"type":"Feature","properties":{"scalerank":0,"featurecla":"Land","min_zoom":3},"geometry":{"type":"Polygon","coordinates":[]}},{"type":"Feature","properties":{"scalerank":0,"featurecla":"Land","min_zoom":4},"geometry":{"type":"Polygon","coordinates":[]}},{"type":"Feature","properties":{"scalerank":0,"featurecla":"Land","min_zoom":4},"geometry":{"type":"Polygon","coordinates":[]}},{"type":"Feature","properties":{"scalerank":0,"featurecla":"Land","min_zoom":3},"geometry":{"type":"Polygon","coordinates":[]}},{"type":"Feature","properties":{"scalerank":0,"featurecla":"Land","min_zoom":3},"geometry":{"type":"Polygon","coordinates":[]}},{"type":"Feature","properties":{"scalerank":0,"featurecla":"Land","min_zoom":3},"geometry":{"type":"Polygon","coordinates":[]}},{"type":"Feature","properties":{"scalerank":0,"featurecla":"Land","min_zoom":4},"geometry":{"type":"Polygon","coordinates":[]}},{"type":"Feature","properties":{"scalerank":0,"featurecla":"Land","min_zoom":3},"geometry":{"type":"Polygon","coordinates":[]}},{"type":"Feature","properties":{"scalerank":0,"featurecla":"Land","min_zoom":4},"geometry":{"type":"Polygon","coordinates":[]}},{"type":"Feature","properties":{"scalerank":0,"featurecla":"Land","min_zoom":4},"geometry":{"type":"Polygon","coordinates":[]}},{"type":"Feature","properties":{"scalerank":0,"featurecla":"Land","min_zoom":3},"geometry":{"type":"Polygon","coordinates":[]}},{"type":"Feature","properties":{"scalerank":0,"featurecla":"Land","min_zoom":4},"geometry":{"type":"Polygon","coordinates":[]}},{"type":"Feature","properties":{"scalerank":0,"featurecla":"Land","min_zoom":4},"geometry":{"type":"Polygon","coordinates":[]}},{"type":"Feature","properties":{"scalerank":0,"featurecla":"Land","min_zoom":3},"geometry":{"type":"Polygon","coordinates":[]}},{"type":"Feature","properties":{"scalerank":0,"featurecla":"Land","min_zoom":2},"geometry":{"type":"Polygon","coordinates":[]}},{"type":"Feature","properties":{"scalerank":0,"featurecla":"Land","min_zoom":3},"geometry":{"type":"Polygon","coordinates":[]}},{"type":"Feature","properties":{"scalerank":0,"featurecla":"Land","min_zoom":3},"geometry":{"type":"Polygon","coordinates":[]}},{"type":"Feature","properties":{"scalerank":0,"featurecla":"Land","min_zoom":3},"geometry":{"type":"Polygon","coordinates":[]}},{"type":"Feature","properties":{"scalerank":0,"featurecla":"Land","min_zoom":3},"geometry":{"type":"Polygon","coordinates":[]}},{"type":"Feature","properties":{"scalerank":0,"featurecla":"Land","min_zoom":4},"geometry":{"type":"Polygon","coordinates":[]}},{"type":"Feature","properties":{"scalerank":0,"featurecla":"Land","min_zoom":3},"geometry":{"type":"Polygon","coordinates":[]}},{"type":"Feature","properties":{"scalerank":0,"featurecla":"Land","min_zoom":4},"geometry":{"type":"Polygon","coordinates":[]}},{"type":"Feature","properties":{"scalerank":0,"featurecla":"Land","min_zoom":3},"geometry":{"type":"Polygon","coordinates":[]}},{"type":"Feature","properties":{"scalerank":0,"featurecla":"Land","min_zoom":4},"geometry":{"type":"Polygon","coordinates":[]}},{"type":"Feature","properties":{"scalerank":0,"featurecla":"Land","min_zoom":2},"geometry":{"type":"Polygon","coordinates":[]}},{"type":"Feature","properties":{"scalerank":0,"featurecla":"Land","min_zoom":3},"geometry":{"type":"Polygon","coordinates":[]}},{"type":"Feature","properties":{"scalerank":0,"featurecla":"Land","min_zoom":4},"geometry":{"type":"Polygon","coordinates":[]}},{"type":"Feature","properties":{"scalerank":0,"featurecla":"Land","min_zoom":3},"geometry":{"type":"Polygon","coordinates":[]}},{"type":"Feature","properties":{"scalerank":0,"featurecla":"Land","min_zoom":3},"geometry":{"type":"Polygon","coordinates":[]}},{"type":"Feature","properties":{"scalerank":0,"featurecla":"Land","min_zoom":4},"geometry":{"type":"Polygon","coordinates":[]}},{"type":"Feature","properties":{"scalerank":0,"featurecla":"Land","min_zoom":2},"geometry":{"type":"Polygon","coordinates":[]}},{"type":"Feature","properties":{"scalerank":0,"featurecla":"Land","min_zoom":4},"geometry":{"type":"Polygon","coordinates":[]}},{"type":"Feature","properties":{"scalerank":0,"featurecla":"Land","min_zoom":4},"geometry":{"type":"Polygon","coordinates":[]}},{"type":"Feature","properties":{"scalerank":0,"featurecla":"Land","min_zoom":4},"geometry":{"type":"Polygon","coordinates":[]}},{"type":"Feature","properties":{"scalerank":0,"featurecla":"Land","min_zoom":2},"geometry":{"type":"Polygon","coordinates":[]}},{"type":"Feature","properties":{"scalerank":0,"featurecla":"Land","min_zoom":4},"geometry":{"type":"Polygon","coordinates":[]}},{"type":"Feature","properties":{"scalerank":0,"featurecla":"Land","min_zoom":3},"geometry":{"type":"Polygon","coordinates":[]}},{"type":"Feature","properties":{"scalerank":0,"featurecla":"Land","min_zoom":3},"geometry":{"type":"Polygon","coordinates":[]}},{"type":"Feature","properties":{"scalerank":0,"featurecla":"Land","min_zoom":3},"geometry":{"type":"Polygon","coordinates":[]}},{"type":"Feature","properties":{"scalerank":0,"featurecla":"Land","min_zoom":3},"geometry":{"type":"Polygon","coordinates":[]}},{"type":"Feature","properties":{"scalerank":0,"featurecla":"Land","min_zoom":4},"geometry":{"type":"Polygon","coordinates":[]}},{"type":"Feature","properties":{"scalerank":0,"featurecla":"Land","min_zoom":3},"geometry":{"type":"Polygon","coordinates":[]}},{"type":"Feature","properties":{"scalerank":0,"featurecla":"Land","min_zoom":3},"geometry":{"type":"Polygon","coordinates":[]}},{"type":"Feature","properties":{"scalerank":0,"featurecla":"Land","min_zoom":3},"geometry":{"type":"Polygon","coordinates":[]}},{"type":"Feature","properties":{"scalerank":0,"featurecla":"Land","min_zoom":3},"geometry":{"type":"Polygon","coordinates":[]}},{"type":"Feature","properties":{"scalerank":0,"featurecla":"Land","min_zoom":3},"geometry":{"type":"Polygon","coordinates":[]}},{"type":"Feature","properties":{"scalerank":0,"featurecla":"Land","min_zoom":3},"geometry":{"type":"Polygon","coordinates":[]}},{"type":"Feature","properties":{"scalerank":0,"featurecla":"Land","min_zoom":4},"geometry":{"type":"Polygon","coordinates":[]}},{"type":"Feature","properties":{"scalerank":0,"featurecla":"Land","min_zoom":4},"geometry":{"type":"Polygon","coordinates":[]}},{"type":"Feature","properties":{"scalerank":0,"featurecla":"Land","min_zoom":3},"geometry":{"type":"Polygon","coordinates":[]}},{"type":"Feature","properties":{"scalerank":0,"featurecla":"Land","min_zoom":3},"geometry":{"type":"Polygon","coordinates":[]}},{"type":"Feature","properties":{"scalerank":0,"featurecla":"Land","min_zoom":3},"geometry":{"type":"Polygon","coordinates":[]}},{"type":"Feature","properties":{"scalerank":0,"featurecla":"Land","min_zoom":3},"geometry":{"type":"Polygon","coordinates":[]}},{"type":"Feature","properties":{"scalerank":0,"featurecla":"Land","min_zoom":3},"geometry":{"type":"Polygon","coordinates":[]}},{"type":"Feature","properties":{"scalerank":0,"featurecla":"Land","min_zoom":4},"geometry":{"type":"Polygon","coordinates":[]}},{"type":"Feature","properties":{"scalerank":0,"featurecla":"Land","min_zoom":3},"geometry":{"type":"Polygon","coordinates":[]}},{"type":"Feature","properties":{"scalerank":0,"featurecla":"Land","min_zoom":3},"geometry":{"type":"Polygon","coordinates":[]}},{"type":"Feature","properties":{"scalerank":0,"featurecla":"Land","min_zoom":3},"geometry":{"type":"Polygon","coordinates":[]}},{"type":"Feature","properties":{"scalerank":0,"featurecla":"Land","min_zoom":4},"geometry":{"type":"Polygon","coordinates":[]}},{"type":"Feature","properties":{"scalerank":0,"featurecla":"Land","min_zoom":0},"geometry":{"type":"Polygon","coordinates":[]}},{"type":"Feature","properties":{"scalerank":0,"featurecla":"Land","min_zoom":4},"geometry":{"type":"Polygon","coordinates":[]}},{"type":"Feature","properties":{"scalerank":0,"featurecla":"Land","min_zoom":4},"geometry":{"type":"Polygon","coordinates":[]}},{"type":"Feature","properties":{"scalerank":0,"featurecla":"Land","min_zoom":3},"geometry":{"type":"Polygon","coordinates":[]}},{"type":"Feature","properties":{"scalerank":0,"featurecla":"Land","min_zoom":0.5},"geometry":{"type":"Polygon","coordinates":[]}},{"type":"Feature","properties":{"scalerank":0,"featurecla":"Land","min_zoom":1.5},"geometry":{"type":"Polygon","coordinates":[]}},{"type":"Feature","properties":{"scalerank":0,"featurecla":"Land","min_zoom":1.5},"geometry":{"type":"Polygon","coordinates":[]}},{"type":"Feature","properties":{"scalerank":0,"featurecla":"Land","min_zoom":3},"geometry":{"type":"Polygon","coordinates":[]}},{"type":"Feature","properties":{"scalerank":0,"featurecla":"Land","min_zoom":1},"geometry":{"type":"Polygon","coordinates":[]}},{"type":"Feature","properties":{"scalerank":0,"featurecla":"Land","min_zoom":1.5},"geometry":{"type":"Polygon","coordinates":[]}},{"type":"Feature","properties":{"scalerank":0,"featurecla":"Land","min_zoom":3},"geometry":{"type":"Polygon","coordinates":[]}},{"type":"Feature","properties":{"scalerank":0,"featurecla":"Land","min_zoom":3},"geometry":{"type":"Polygon","coordinates":[]}},{"type":"Feature","properties":{"scalerank":0,"featurecla":"Land","min_zoom":3},"geometry":{"type":"Polygon","coordinates":[]}},{"type":"Feature","properties":{"scalerank":0,"featurecla":"Land","min_zoom":3},"geometry":{"type":"Polygon","coordinates":[]}},{"type":"Feature","properties":{"scalerank":0,"featurecla":"Land","min_zoom":3},"geometry":{"type":"Polygon","coordinates":[]}},{"type":"Feature","properties":{"scalerank":0,"featurecla":"Land","min_zoom":2},"geometry":{"type":"Polygon","coordinates":[]}},{"type":"Feature","properties":{"scalerank":0,"featurecla":"Land","min_zoom":3},"geometry":{"type":"Polygon","coordinates":[]}},{"type":"Feature","properties":{"scalerank":0,"featurecla":"Land","min_zoom":3},"geometry":{"type":"Polygon","coordinates":[]}},{"type":"Feature","properties":{"scalerank":0,"featurecla":"Land","min_zoom":4},"geometry":{"type":"Polygon","coordinates":[]}},{"type":"Feature","properties":{"scalerank":0,"featurecla":"Land","min_zoom":3},"geometry":{"type":"Polygon","coordinates":[]}},{"type":"Feature","properties":{"scalerank":0,"featurecla":"Land","min_zoom":3},"geometry":{"type":"Polygon","coordinates":[]}},{"type":"Feature","properties":{"scalerank":0,"featurecla":"Land","min_zoom":3},"geometry":{"type":"Polygon","coordinates":[]}},{"type":"Feature","properties":{"scalerank":0,"featurecla":"Land","min_zoom":4},"geometry":{"type":"Polygon","coordinates":[]}},{"type":"Feature","properties":{"scalerank":0,"featurecla":"Land","min_zoom":3},"geometry":{"type":"Polygon","coordinates":[]}},{"type":"Feature","properties":{"scalerank":0,"featurecla":"Land","min_zoom":4},"geometry":{"type":"Polygon","coordinates":[]}},{"type":"Feature","properties":{"scalerank":0,"featurecla":"Land","min_zoom":3},"geometry":{"type":"Polygon","coordinates":[]}},{"type":"Feature","properties":{"scalerank":0,"featurecla":"Land","min_zoom":3},"geometry":{"type":"Polygon","coordinates":[]}},{"type":"Feature","properties":{"scalerank":0,"featurecla":"Land","min_zoom":3},"geometry":{"type":"Polygon","coordinates":[]}},{"type":"Feature","properties":{"scalerank":0,"featurecla":"Land","min_zoom":3},"geometry":{"type":"Polygon","coordinates":[]}},{"type":"Feature","properties":{"scalerank":0,"featurecla":"Land","min_zoom":2},"geometry":{"type":"Polygon","coordinates":[]}},{"type":"Feature","properties":{"scalerank":0,"featurecla":"Land","min_zoom":2},"geometry":{"type":"Polygon","coordinates":[]}},{"type":"Feature","properties":{"scalerank":0,"featurecla":"Land","min_zoom":4},"geometry":{"type":"Polygon","coordinates":[]}},{"type":"Feature","properties":{"scalerank":0,"featurecla":"Land","min_zoom":3},"geometry":{"type":"Polygon","coordinates":[]}},{"type":"Feature","properties":{"scalerank":0,"featurecla":"Land","min_zoom":3},"geometry":{"type":"Polygon","coordinates":[]}},{"type":"Feature","properties":{"scalerank":0,"featurecla":"Land","min_zoom":2},"geometry":{"type":"Polygon","coordinates":[]}},{"type":"Feature","properties":{"scalerank":0,"featurecla":"Land","min_zoom":4},"geometry":{"type":"Polygon","coordinates":[]}},{"type":"Feature","properties":{"scalerank":0,"featurecla":"Land","min_zoom":4},"geometry":{"type":"Polygon","coordinates":[]}},{"type":"Feature","properties":{"scalerank":0,"featurecla":"Land","min_zoom":2},"geometry":{"type":"Polygon","coordinates":[]}},{"type":"Feature","properties":{"scalerank":0,"featurecla":"Land","min_zoom":3},"geometry":{"type":"Polygon","coordinates":[]}},{"type":"Feature","properties":{"scalerank":0,"featurecla":"Land","min_zoom":3},"geometry":{"type":"Polygon","coordinates":[]}},{"type":"Feature","properties":{"scalerank":0,"featurecla":"Land","min_zoom":3},"geometry":{"type":"Polygon","coordinates":[]}},{"type":"Feature","properties":{"scalerank":0,"featurecla":"Land","min_zoom":3},"geometry":{"type":"Polygon","coordinates":[]}},{"type":"Feature","properties":{"scalerank":0,"featurecla":"Land","min_zoom":3},"geometry":{"type":"Polygon","coordinates":[]}},{"type":"Feature","properties":{"scalerank":0,"featurecla":"Land","min_zoom":3},"geometry":{"type":"Polygon","coordinates":[]}},{"type":"Feature","properties":{"scalerank":0,"featurecla":"Land","min_zoom":3},"geometry":{"type":"Polygon","coordinates":[]}},{"type":"Feature","properties":{"scalerank":0,"featurecla":"Land","min_zoom":2},"geometry":{"type":"Polygon","coordinates":[]}},{"type":"Feature","properties":{"scalerank":0,"featurecla":"Land","min_zoom":3},"geometry":{"type":"Polygon","coordinates":[]}},{"type":"Feature","properties":{"scalerank":0,"featurecla":"Land","min_zoom":4},"geometry":{"type":"Polygon","coordinates":[]}},{"type":"Feature","properties":{"scalerank":0,"featurecla":"Land","min_zoom":4},"geometry":{"type":"Polygon","coordinates":[]}},{"type":"Feature","properties":{"scalerank":0,"featurecla":"Land","min_zoom":3},"geometry":{"type":"Polygon","coordinates":[]}},{"type":"Feature","properties":{"scalerank":0,"featurecla":"Land","min_zoom":3},"geometry":{"type":"Polygon","coordinates":[]}},{"type":"Feature","properties":{"scalerank":0,"featurecla":"Land","min_zoom":3},"geometry":{"type":"Polygon","coordinates":[]}},{"type":"Feature","properties":{"scalerank":0,"featurecla":"Land","min_zoom":4},"geometry":{"type":"Polygon","coordinates":[]}},{"type":"Feature","properties":{"scalerank":0,"featurecla":"Land","min_zoom":4},"geometry":{"type":"Polygon","coordinates":[]}},{"type":"Feature","properties":{"scalerank":0,"featurecla":"Land","min_zoom":3},"geometry":{"type":"Polygon","coordinates":[]}},{"type":"Feature","properties":{"scalerank":0,"featurecla":"Land","min_zoom":3},"geometry":{"type":"Polygon","coordinates":[]}},{"type":"Feature","properties":{"scalerank":0,"featurecla":"Land","min_zoom":3},"geometry":{"type":"Polygon","coordinates":[]}},{"type":"Feature","properties":{"scalerank":0,"featurecla":"Land","min_zoom":3},"geometry":{"type":"Polygon","coordinates":[]}},{"type":"Feature","properties":{"scalerank":0,"featurecla":"Land","min_zoom":3},"geometry":{"type":"Polygon","coordinates":[]}},{"type":"Feature","properties":{"scalerank":0,"featurecla":"Land","min_zoom":4},"geometry":{"type":"Polygon","coordinates":[]}},{"type":"Feature","properties":{"scalerank":0,"featurecla":"Land","min_zoom":3},"geometry":{"type":"Polygon","coordinates":[]}},{"type":"Feature","properties":{"scalerank":0,"featurecla":"Land","min_zoom":4},"geometry":{"type":"Polygon","coordinates":[]}},{"type":"Feature","properties":{"scalerank":0,"featurecla":"Land","min_zoom":3},"geometry":{"type":"Polygon","coordinates":[]}},{"type":"Feature","properties":{"scalerank":0,"featurecla":"Land","min_zoom":3},"geometry":{"type":"Polygon","coordinates":[]}},{"type":"Feature","properties":{"scalerank":0,"featurecla":"Land","min_zoom":4},"geometry":{"type":"Polygon","coordinates":[]}},{"type":"Feature","properties":{"scalerank":0,"featurecla":"Land","min_zoom":2},"geometry":{"type":"Polygon","coordinates":[]}},{"type":"Feature","properties":{"scalerank":0,"featurecla":"Land","min_zoom":0},"geometry":{"type":"Polygon","coordinates":[]}},{"type":"Feature","properties":{"scalerank":0,"featurecla":"Land","min_zoom":4},"geometry":{"type":"Polygon","coordinates":[]}},{"type":"Feature","properties":{"scalerank":0,"featurecla":"Land","min_zoom":4},"geometry":{"type":"Polygon","coordinates":[]}},{"type":"Feature","properties":{"scalerank":0,"featurecla":"Land","min_zoom":3},"geometry":{"type":"Polygon","coordinates":[]}},{"type":"Feature","properties":{"scalerank":0,"featurecla":"Land","min_zoom":3},"geometry":{"type":"Polygon","coordinates":[]}},{"type":"Feature","properties":{"scalerank":0,"featurecla":"Land","min_zoom":3},"geometry":{"type":"Polygon","coordinates":[]}},{"type":"Feature","properties":{"scalerank":0,"featurecla":"Land","min_zoom":3},"geometry":{"type":"Polygon","coordinates":[]}},{"type":"Feature","properties":{"scalerank":0,"featurecla":"Land","min_zoom":3},"geometry":{"type":"Polygon","coordinates":[]}},{"type":"Feature","properties":{"scalerank":0,"featurecla":"Land","min_zoom":3},"geometry":{"type":"Polygon","coordinates":[]}},{"type":"Feature","properties":{"scalerank":0,"featurecla":"Land","min_zoom":3},"geometry":{"type":"Polygon","coordinates":[]}},{"type":"Feature","properties":{"scalerank":0,"featurecla":"Land","min_zoom":2},"geometry":{"type":"Polygon","coordinates":[]}},{"type":"Feature","properties":{"scalerank":0,"featurecla":"Land","min_zoom":4},"geometry":{"type":"Polygon","coordinates":[]}},{"type":"Feature","properties":{"scalerank":0,"featurecla":"Land","min_zoom":2},"geometry":{"type":"Polygon","coordinates":[]}},{"type":"Feature","properties":{"scalerank":0,"featurecla":"Land","min_zoom":2},"geometry":{"type":"Polygon","coordinates":[]}},{"type":"Feature","properties":{"scalerank":0,"featurecla":"Land","min_zoom":2},"geometry":{"type":"Polygon","coordinates":[]}},{"type":"Feature","properties":{"scalerank":0,"featurecla":"Land","min_zoom":2},"geometry":{"type":"Polygon","coordinates":[]}},{"type":"Feature","properties":{"scalerank":0,"featurecla":"Land","min_zoom":2},"geometry":{"type":"Polygon","coordinates":[]}},{"type":"Feature","properties":{"scalerank":0,"featurecla":"Land","min_zoom":3},"geometry":{"type":"Polygon","coordinates":[]}},{"type":"Feature","properties":{"scalerank":0,"featurecla":"Land","min_zoom":4},"geometry":{"type":"Polygon","coordinates":[]}},{"type":"Feature","properties":{"scalerank":0,"featurecla":"Land","min_zoom":2},"geometry":{"type":"Polygon","coordinates":[]}},{"type":"Feature","properties":{"scalerank":0,"featurecla":"Land","min_zoom":3},"geometry":{"type":"Polygon","coordinates":[]}},{"type":"Feature","properties":{"scalerank":0,"featurecla":"Land","min_zoom":3},"geometry":{"type":"Polygon","coordinates":[]}},{"type":"Feature","properties":{"scalerank":0,"featurecla":"Land","min_zoom":3},"geometry":{"type":"Polygon","coordinates":[]}},{"type":"Feature","properties":{"scalerank":0,"featurecla":"Land","min_zoom":3},"geometry":{"type":"Polygon","coordinates":[]}},{"type":"Feature","properties":{"scalerank":0,"featurecla":"Land","min_zoom":3},"geometry":{"type":"Polygon","coordinates":[]}},{"type":"Feature","properties":{"scalerank":0,"featurecla":"Land","min_zoom":3},"geometry":{"type":"Polygon","coordinates":[]}},{"type":"Feature","properties":{"scalerank":0,"featurecla":"Land","min_zoom":3},"geometry":{"type":"Polygon","coordinates":[[[-24.308252,14.856299],[-24.386133,14.818213],[-24.440527,14.834814],[-24.492188,14.874219],[-24.51709,14.93125],[-24.496875,14.980273],[-24.461207041425318,15],[-24.322194237444545,15],[-24.295801,14.929541],[-24.308252,14.856299]]]}},{"type":"Feature","properties":{"scalerank":0,"featurecla":"Land","min_zoom":2},"geometry":{"type":"Polygon","coordinates":[]}},{"type":"Feature","properties":{"scalerank":0,"featurecla":"Land","min_zoom":3},"geometry":{"type":"Polygon","coordinates":[]}},{"type":"Feature","properties":{"scalerank":0,"featurecla":"Land","min_zoom":3},"geometry":{"type":"Polygon","coordinates":[]}},{"type":"Feature","properties":{"scalerank":0,"featurecla":"Land","min_zoom":3},"geometry":{"type":"Polygon","coordinates":[]}},{"type":"Feature","properties":{"scalerank":0,"featurecla":"Land","min_zoom":2},"geometry":{"type":"Polygon","coordinates":[[[-23.4494762639527,15],[-23.504687,14.916113],[-23.637207,14.923486],[-23.705371,14.961328],[-23.732018395722296,15],[-23.4494762639527,15]]]}},{"type":"Feature","properties":{"scalerank":0,"featurecla":"Land","min_zoom":3},"geometry":{"type":"Polygon","coordinates":[]}},{"type":"Feature","properties":{"scalerank":0,"featurecla":"Land","min_zoom":3},"geometry":{"type":"Polygon","coordinates":[]}},{"type":"Feature","properties":{"scalerank":0,"featurecla":"Land","min_zoom":3},"geometry":{"type":"Polygon","coordinates":[]}},{"type":"Feature","properties":{"scalerank":0,"featurecla":"Land","min_zoom":2},"geometry":{"type":"Polygon","coordinates":[]}},{"type":"Feature","properties":{"scalerank":0,"featurecla":"Land","min_zoom":3},"geometry":{"type":"Polygon","coordinates":[]}},{"type":"Feature","properties":{"scalerank":0,"featurecla":"Land","min_zoom":3},"geometry":{"type":"Polygon","coordinates":[]}},{"type":"Feature","properties":{"scalerank":0,"featurecla":"Land","min_zoom":2},"geometry":{"type":"Polygon","coordinates":[]}},{"type":"Feature","properties":{"scalerank":0,"featurecla":"Land","min_zoom":2},"geometry":{"type":"Polygon","coordinates":[]}},{"type":"Feature","properties":{"scalerank":0,"featurecla":"Land","min_zoom":2},"geometry":{"type":"Polygon","coordinates":[]}},{"type":"Feature","properties":{"scalerank":0,"featurecla":"Land","min_zoom":3},"geometry":{"type":"Polygon","coordinates":[]}},{"type":"Feature","properties":{"scalerank":0,"featurecla":"Land","min_zoom":3},"geometry":{"type":"Polygon","coordinates":[]}},{"type":"Feature","properties":{"scalerank":0,"featurecla":"Land","min_zoom":3},"geometry":{"type":"Polygon","coordinates":[]}},{"type":"Feature","properties":{"scalerank":0,"featurecla":"Land","min_zoom":2},"geometry":{"type":"Polygon","coordinates":[]}},{"type":"Feature","properties":{"scalerank":0,"featurecla":"Land","min_zoom":3},"geometry":{"type":"Polygon","coordinates":[]}},{"type":"Feature","properties":{"scalerank":0,"featurecla":"Land","min_zoom":2},"geometry":{"type":"Polygon","coordinates":[]}},{"type":"Feature","properties":{"scalerank":0,"featurecla":"Land","min_zoom":2},"geometry":{"type":"Polygon","coordinates":[]}},{"type":"Feature","properties":{"scalerank":0,"featurecla":"Land","min_zoom":3},"geometry":{"type":"Polygon","coordinates":[]}},{"type":"Feature","properties":{"scalerank":0,"featurecla":"Land","min_zoom":3},"geometry":{"type":"Polygon","coordinates":[]}},{"type":"Feature","properties":{"scalerank":0,"featurecla":"Land","min_zoom":3},"geometry":{"type":"Polygon","coordinates":[[[-44.129297,-23.141895],[-44.098047,-23.169336],[-44.155762,-23.166602],[-44.220508,-23.19082],[-44.320068,-23.212305],[-44.360156,-23.17207],[-44.274121,-23.116211],[-44.242871,-23.074121],[-44.22041,-23.08291],[-44.191602,-23.113281],[-44.129297,-23.141895]]]}},{"type":"Feature","properties":{"scalerank":0,"featurecla":"Land","min_zoom":3},"geometry":{"type":"Polygon","coordinates":[[[-48.584424,-26.401563],[-48.603076,-26.41377],[-48.665771,-26.289648],[-48.539746,-26.170313],[-48.497607,-26.21875],[-48.531104,-26.313184],[-48.568066,-26.379688],[-48.584424,-26.401563]]]}},{"type":"Feature","properties":{"scalerank":0,"featurecla":"Land","min_zoom":3},"geometry":{"type":"Polygon","coordinates":[[[-48.485889,-27.766992],[-48.55459,-27.812207],[-48.542187,-27.574805],[-48.505176,-27.495508],[-48.464746,-27.436328],[-48.414893,-27.399609],[-48.37793,-27.451465],[-48.40957,-27.566309],[-48.496777,-27.707031],[-48.485889,-27.766992]]]}},{"type":"Feature","properties":{"scalerank":0,"featurecla":"Land","min_zoom":3},"geometry":{"type":"Polygon","coordinates":[[[-45.260254,-23.88916],[-45.260889,-23.941309],[-45.302539,-23.914746],[-45.412842,-23.934961],[-45.451416,-23.895605],[-45.302344,-23.727539],[-45.272266,-23.751953],[-45.249072,-23.782617],[-45.233105,-23.825391],[-45.250293,-23.853027],[-45.260254,-23.88916]]]}},{"type":"Feature","properties":{"scalerank":0,"featurecla":"Land","min_zoom":4},"geometry":{"type":"Polygon","coordinates":[]}},{"type":"Feature","properties":{"scalerank":0,"featurecla":"Land","min_zoom":3},"geometry":{"type":"Polygon","coordinates":[]}},{"type":"Feature","properties":{"scalerank":0,"featurecla":"Land","min_zoom":3},"geometry":{"type":"Polygon","coordinates":[]}},{"type":"Feature","properties":{"scalerank":0,"featurecla":"Land","min_zoom":4},"geometry":{"type":"Polygon","coordinates":[]}},{"type":"Feature","properties":{"scalerank":0,"featurecla":"Land","min_zoom":3},"geometry":{"type":"Polygon","coordinates":[]}},{"type":"Feature","properties":{"scalerank":0,"featurecla":"Land","min_zoom":2},"geometry":{"type":"Polygon","coordinates":[]}},{"type":"Feature","properties":{"scalerank":0,"featurecla":"Land","min_zoom":3},"geometry":{"type":"Polygon","coordinates":[]}},{"type":"Feature","properties":{"scalerank":0,"featurecla":"Land","min_zoom":3},"geometry":{"type":"Polygon","coordinates":[]}},{"type":"Feature","properties":{"scalerank":0,"featurecla":"Land","min_zoom":3},"geometry":{"type":"Polygon","coordinates":[]}},{"type":"Feature","properties":{"scalerank":0,"featurecla":"Land","min_zoom":2},"geometry":{"type":"Polygon","coordinates":[]}},{"type":"Feature","properties":{"scalerank":0,"featurecla":"Land","min_zoom":3},"geometry":{"type":"Polygon","coordinates":[]}},{"type":"Feature","properties":{"scalerank":0,"featurecla":"Land","min_zoom":3},"geometry":{"type":"Polygon","coordinates":[]}},{"type":"Feature","properties":{"scalerank":0,"featurecla":"Land","min_zoom":2},"geometry":{"type":"Polygon","coordinates":[]}},{"type":"Feature","properties":{"scalerank":0,"featurecla":"Land","min_zoom":4},"geometry":{"type":"Polygon","coordinates":[]}},{"type":"Feature","properties":{"scalerank":0,"featurecla":"Land","min_zoom":4},"geometry":{"type":"Polygon","coordinates":[]}},{"type":"Feature","properties":{"scalerank":0,"featurecla":"Land","min_zoom":3},"geometry":{"type":"Polygon","coordinates":[]}},{"type":"Feature","properties":{"scalerank":0,"featurecla":"Land","min_zoom":3},"geometry":{"type":"Polygon","coordinates":[]}},{"type":"Feature","properties":{"scalerank":0,"featurecla":"Land","min_zoom":3},"geometry":{"type":"Polygon","coordinates":[]}},{"type":"Feature","properties":{"scalerank":0,"featurecla":"Land","min_zoom":3},"geometry":{"type":"Polygon","coordinates":[]}},{"type":"Feature","properties":{"scalerank":0,"featurecla":"Land","min_zoom":2},"geometry":{"type":"Polygon","coordinates":[]}},{"type":"Feature","properties":{"scalerank":0,"featurecla":"Land","min_zoom":3},"geometry":{"type":"Polygon","coordinates":[]}},{"type":"Feature","properties":{"scalerank":0,"featurecla":"Land","min_zoom":4},"geometry":{"type":"Polygon","coordinates":[]}},{"type":"Feature","properties":{"scalerank":0,"featurecla":"Land","min_zoom":2},"geometry":{"type":"Polygon","coordinates":[]}},{"type":"Feature","properties":{"scalerank":0,"featurecla":"Land","min_zoom":4},"geometry":{"type":"Polygon","coordinates":[]}},{"type":"Feature","properties":{"scalerank":0,"featurecla":"Land","min_zoom":2},"geometry":{"type":"Polygon","coordinates":[]}},{"type":"Feature","properties":{"scalerank":0,"featurecla":"Land","min_zoom":3},"geometry":{"type":"Polygon","coordinates":[]}},{"type":"Feature","properties":{"scalerank":0,"featurecla":"Land","min_zoom":3},"geometry":{"type":"Polygon","coordinates":[]}},{"type":"Feature","properties":{"scalerank":0,"featurecla":"Land","min_zoom":3},"geometry":{"type":"Polygon","coordinates":[]}},{"type":"Feature","properties":{"scalerank":0,"featurecla":"Land","min_zoom":4},"geometry":{"type":"Polygon","coordinates":[]}},{"type":"Feature","properties":{"scalerank":0,"featurecla":"Land","min_zoom":4},"geometry":{"type":"Polygon","coordinates":[]}},{"type":"Feature","properties":{"scalerank":0,"featurecla":"Land","min_zoom":4},"geometry":{"type":"Polygon","coordinates":[]}},{"type":"Feature","properties":{"scalerank":0,"featurecla":"Land","min_zoom":2},"geometry":{"type":"Polygon","coordinates":[]}},{"type":"Feature","properties":{"scalerank":0,"featurecla":"Land","min_zoom":3},"geometry":{"type":"Polygon","coordinates":[]}},{"type":"Feature","properties":{"scalerank":0,"featurecla":"Land","min_zoom":4},"geometry":{"type":"Polygon","coordinates":[]}},{"type":"Feature","properties":{"scalerank":0,"featurecla":"Land","min_zoom":2},"geometry":{"type":"Polygon","coordinates":[]}},{"type":"Feature","properties":{"scalerank":0,"featurecla":"Land","min_zoom":3},"geometry":{"type":"Polygon","coordinates":[]}},{"type":"Feature","properties":{"scalerank":0,"featurecla":"Land","min_zoom":2},"geometry":{"type":"Polygon","coordinates":[]}},{"type":"Feature","properties":{"scalerank":0,"featurecla":"Land","min_zoom":1},"geometry":{"type":"Polygon","coordinates":[]}},{"type":"Feature","properties":{"scalerank":0,"featurecla":"Land","min_zoom":1},"geometry":{"type":"Polygon","coordinates":[]}},{"type":"Feature","properties":{"scalerank":0,"featurecla":"Land","min_zoom":2},"geometry":{"type":"Polygon","coordinates":[]}},{"type":"Feature","properties":{"scalerank":0,"featurecla":"Land","min_zoom":4},"geometry":{"type":"Polygon","coordinates":[]}},{"type":"Feature","properties":{"scalerank":0,"featurecla":"Land","min_zoom":3},"geometry":{"type":"Polygon","coordinates":[]}},{"type":"Feature","properties":{"scalerank":0,"featurecla":"Land","min_zoom":3},"geometry":{"type":"Polygon","coordinates":[]}},{"type":"Feature","properties":{"scalerank":0,"featurecla":"Land","min_zoom":3},"geometry":{"type":"Polygon","coordinates":[]}},{"type":"Feature","properties":{"scalerank":0,"featurecla":"Land","min_zoom":3},"geometry":{"type":"Polygon","coordinates":[]}},{"type":"Feature","properties":{"scalerank":0,"featurecla":"Land","min_zoom":3},"geometry":{"type":"Polygon","coordinates":[]}},{"type":"Feature","properties":{"scalerank":0,"featurecla":"Land","min_zoom":3},"geometry":{"type":"Polygon","coordinates":[]}},{"type":"Feature","properties":{"scalerank":0,"featurecla":"Land","min_zoom":3},"geometry":{"type":"Polygon","coordinates":[]}},{"type":"Feature","properties":{"scalerank":0,"featurecla":"Land","min_zoom":3},"geometry":{"type":"Polygon","coordinates":[]}},{"type":"Feature","properties":{"scalerank":0,"featurecla":"Land","min_zoom":3},"geometry":{"type":"Polygon","coordinates":[]}},{"type":"Feature","properties":{"scalerank":0,"featurecla":"Land","min_zoom":3},"geometry":{"type":"Polygon","coordinates":[]}},{"type":"Feature","properties":{"scalerank":0,"featurecla":"Land","min_zoom":4},"geometry":{"type":"Polygon","coordinates":[]}},{"type":"Feature","properties":{"scalerank":0,"featurecla":"Land","min_zoom":4},"geometry":{"type":"Polygon","coordinates":[]}},{"type":"Feature","properties":{"scalerank":0,"featurecla":"Land","min_zoom":2},"geometry":{"type":"Polygon","coordinates":[]}},{"type":"Feature","properties":{"scalerank":0,"featurecla":"Land","min_zoom":3},"geometry":{"type":"Polygon","coordinates":[]}},{"type":"Feature","properties":{"scalerank":0,"featurecla":"Land","min_zoom":3},"geometry":{"type":"Polygon","coordinates":[]}},{"type":"Feature","properties":{"scalerank":0,"featurecla":"Land","min_zoom":3},"geometry":{"type":"Polygon","coordinates":[]}},{"type":"Feature","properties":{"scalerank":0,"featurecla":"Land","min_zoom":3},"geometry":{"type":"Polygon","coordinates":[]}},{"type":"Feature","properties":{"scalerank":0,"featurecla":"Land","min_zoom":3},"geometry":{"type":"Polygon","coordinates":[]}},{"type":"Feature","properties":{"scalerank":0,"featurecla":"Land","min_zoom":3},"geometry":{"type":"Polygon","coordinates":[]}},{"type":"Feature","properties":{"scalerank":0,"featurecla":"Land","min_zoom":3},"geometry":{"type":"Polygon","coordinates":[]}},{"type":"Feature","properties":{"scalerank":0,"featurecla":"Land","min_zoom":2},"geometry":{"type":"Polygon","coordinates":[]}},{"type":"Feature","properties":{"scalerank":0,"featurecla":"Land","min_zoom":3},"geometry":{"type":"Polygon","coordinates":[]}},{"type":"Feature","properties":{"scalerank":0,"featurecla":"Land","min_zoom":4},"geometry":{"type":"Polygon","coordinates":[]}},{"type":"Feature","properties":{"scalerank":0,"featurecla":"Land","min_zoom":3},"geometry":{"type":"Polygon","coordinates":[]}},{"type":"Feature","properties":{"scalerank":0,"featurecla":"Land","min_zoom":3},"geometry":{"type":"Polygon","coordinates":[]}},{"type":"Feature","properties":{"scalerank":0,"featurecla":"Land","min_zoom":3},"geometry":{"type":"Polygon","coordinates":[]}},{"type":"Feature","properties":{"scalerank":0,"featurecla":"Land","min_zoom":3},"geometry":{"type":"Polygon","coordinates":[]}},{"type":"Feature","properties":{"scalerank":0,"featurecla":"Land","min_zoom":4},"geometry":{"type":"Polygon","coordinates":[]}},{"type":"Feature","properties":{"scalerank":0,"featurecla":"Land","min_zoom":3},"geometry":{"type":"Polygon","coordinates":[]}},{"type":"Feature","properties":{"scalerank":0,"featurecla":"Land","min_zoom":4},"geometry":{"type":"Polygon","coordinates":[]}},{"type":"Feature","properties":{"scalerank":0,"featurecla":"Land","min_zoom":2},"geometry":{"type":"Polygon","coordinates":[]}},{"type":"Feature","properties":{"scalerank":0,"featurecla":"Land","min_zoom":3},"geometry":{"type":"Polygon","coordinates":[]}},{"type":"Feature","properties":{"scalerank":0,"featurecla":"Land","min_zoom":3},"geometry":{"type":"Polygon","coordinates":[]}},{"type":"Feature","properties":{"scalerank":0,"featurecla":"Land","min_zoom":4},"geometry":{"type":"Polygon","coordinates":[]}},{"type":"Feature","properties":{"scalerank":0,"featurecla":"Land","min_zoom":3},"geometry":{"type":"Polygon","coordinates":[]}},{"type":"Feature","properties":{"scalerank":0,"featurecla":"Land","min_zoom":4},"geometry":{"type":"Polygon","coordinates":[]}},{"type":"Feature","properties":{"scalerank":0,"featurecla":"Land","min_zoom":3},"geometry":{"type":"Polygon","coordinates":[]}},{"type":"Feature","properties":{"scalerank":0,"featurecla":"Land","min_zoom":3},"geometry":{"type":"Polygon","coordinates":[]}},{"type":"Feature","properties":{"scalerank":0,"featurecla":"Land","min_zoom":2},"geometry":{"type":"Polygon","coordinates":[]}},{"type":"Feature","properties":{"scalerank":0,"featurecla":"Land","min_zoom":3},"geometry":{"type":"Polygon","coordinates":[]}},{"type":"Feature","properties":{"scalerank":0,"featurecla":"Land","min_zoom":3},"geometry":{"type":"Polygon","coordinates":[]}},{"type":"Feature","properties":{"scalerank":0,"featurecla":"Land","min_zoom":3},"geometry":{"type":"Polygon","coordinates":[]}},{"type":"Feature","properties":{"scalerank":0,"featurecla":"Land","min_zoom":3},"geometry":{"type":"Polygon","coordinates":[]}},{"type":"Feature","properties":{"scalerank":0,"featurecla":"Land","min_zoom":3},"geometry":{"type":"Polygon","coordinates":[]}},{"type":"Feature","properties":{"scalerank":0,"featurecla":"Land","min_zoom":1},"geometry":{"type":"Polygon","coordinates":[]}},{"type":"Feature","properties":{"scalerank":0,"featurecla":"Land","min_zoom":4},"geometry":{"type":"Polygon","coordinates":[]}},{"type":"Feature","properties":{"scalerank":0,"featurecla":"Land","min_zoom":4},"geometry":{"type":"Polygon","coordinates":[]}},{"type":"Feature","properties":{"scalerank":0,"featurecla":"Land","min_zoom":3},"geometry":{"type":"Polygon","coordinates":[]}},{"type":"Feature","properties":{"scalerank":0,"featurecla":"Land","min_zoom":4},"geometry":{"type":"Polygon","coordinates":[]}},{"type":"Feature","properties":{"scalerank":0,"featurecla":"Land","min_zoom":3},"geometry":{"type":"Polygon","coordinates":[]}},{"type":"Feature","properties":{"scalerank":0,"featurecla":"Land","min_zoom":3},"geometry":{"type":"Polygon","coordinates":[]}},{"type":"Feature","properties":{"scalerank":0,"featurecla":"Land","min_zoom":3},"geometry":{"type":"Polygon","coordinates":[]}},{"type":"Feature","properties":{"scalerank":0,"featurecla":"Land","min_zoom":4},"geometry":{"type":"Polygon","coordinates":[]}},{"type":"Feature","properties":{"scalerank":0,"featurecla":"Land","min_zoom":3},"geometry":{"type":"Polygon","coordinates":[]}},{"type":"Feature","properties":{"scalerank":0,"featurecla":"Land","min_zoom":3},"geometry":{"type":"Polygon","coordinates":[]}},{"type":"Feature","properties":{"scalerank":0,"featurecla":"Land","min_zoom":1},"geometry":{"type":"Polygon","coordinates":[]}},{"type":"Feature","properties":{"scalerank":0,"featurecla":"Land","min_zoom":3},"geometry":{"type":"Polygon","coordinates":[]}},{"type":"Feature","properties":{"scalerank":0,"featurecla":"Land","min_zoom":3},"geometry":{"type":"Polygon","coordinates":[]}},{"type":"Feature","properties":{"scalerank":0,"featurecla":"Land","min_zoom":3},"geometry":{"type":"Polygon","coordinates":[]}},{"type":"Feature","properties":{"scalerank":0,"featurecla":"Land","min_zoom":3},"geometry":{"type":"Polygon","coordinates":[]}},{"type":"Feature","properties":{"scalerank":0,"featurecla":"Land","min_zoom":3},"geometry":{"type":"Polygon","coordinates":[]}},{"type":"Feature","properties":{"scalerank":0,"featurecla":"Land","min_zoom":3},"geometry":{"type":"Polygon","coordinates":[]}},{"type":"Feature","properties":{"scalerank":0,"featurecla":"Land","min_zoom":4},"geometry":{"type":"Polygon","coordinates":[]}},{"type":"Feature","properties":{"scalerank":0,"featurecla":"Land","min_zoom":4},"geometry":{"type":"Polygon","coordinates":[]}},{"type":"Feature","properties":{"scalerank":0,"featurecla":"Land","min_zoom":3},"geometry":{"type":"Polygon","coordinates":[]}},{"type":"Feature","properties":{"scalerank":0,"featurecla":"Land","min_zoom":3},"geometry":{"type":"Polygon","coordinates":[]}},{"type":"Feature","properties":{"scalerank":0,"featurecla":"Land","min_zoom":3},"geometry":{"type":"Polygon","coordinates":[]}},{"type":"Feature","properties":{"scalerank":0,"featurecla":"Land","min_zoom":3},"geometry":{"type":"Polygon","coordinates":[]}},{"type":"Feature","properties":{"scalerank":0,"featurecla":"Land","min_zoom":3},"geometry":{"type":"Polygon","coordinates":[]}},{"type":"Feature","properties":{"scalerank":0,"featurecla":"Land","min_zoom":4},"geometry":{"type":"Polygon","coordinates":[]}},{"type":"Feature","properties":{"scalerank":0,"featurecla":"Land","min_zoom":4},"geometry":{"type":"Polygon","coordinates":[]}},{"type":"Feature","properties":{"scalerank":0,"featurecla":"Land","min_zoom":3},"geometry":{"type":"Polygon","coordinates":[]}},{"type":"Feature","properties":{"scalerank":0,"featurecla":"Land","min_zoom":3},"geometry":{"type":"Polygon","coordinates":[]}},{"type":"Feature","properties":{"scalerank":0,"featurecla":"Land","min_zoom":4},"geometry":{"type":"Polygon","coordinates":[]}},{"type":"Feature","properties":{"scalerank":0,"featurecla":"Land","min_zoom":3},"geometry":{"type":"Polygon","coordinates":[]}},{"type":"Feature","properties":{"scalerank":0,"featurecla":"Land","min_zoom":3},"geometry":{"type":"Polygon","coordinates":[]}},{"type":"Feature","properties":{"scalerank":0,"featurecla":"Land","min_zoom":3},"geometry":{"type":"Polygon","coordinates":[]}},{"type":"Feature","properties":{"scalerank":0,"featurecla":"Land","min_zoom":3},"geometry":{"type":"Polygon","coordinates":[]}},{"type":"Feature","properties":{"scalerank":0,"featurecla":"Land","min_zoom":4},"geometry":{"type":"Polygon","coordinates":[]}},{"type":"Feature","properties":{"scalerank":0,"featurecla":"Land","min_zoom":4},"geometry":{"type":"Polygon","coordinates":[]}},{"type":"Feature","properties":{"scalerank":0,"featurecla":"Land","min_zoom":4},"geometry":{"type":"Polygon","coordinates":[]}},{"type":"Feature","properties":{"scalerank":0,"featurecla":"Land","min_zoom":3},"geometry":{"type":"Polygon","coordinates":[]}},{"type":"Feature","properties":{"scalerank":0,"featurecla":"Land","min_zoom":4},"geometry":{"type":"Polygon","coordinates":[]}},{"type":"Feature","properties":{"scalerank":0,"featurecla":"Land","min_zoom":1},"geometry":{"type":"Polygon","coordinates":[]}},{"type":"Feature","properties":{"scalerank":0,"featurecla":"Land","min_zoom":3},"geometry":{"type":"Polygon","coordinates":[]}},{"type":"Feature","properties":{"scalerank":0,"featurecla":"Land","min_zoom":3},"geometry":{"type":"Polygon","coordinates":[]}},{"type":"Feature","properties":{"scalerank":0,"featurecla":"Land","min_zoom":3},"geometry":{"type":"Polygon","coordinates":[]}},{"type":"Feature","properties":{"scalerank":0,"featurecla":"Land","min_zoom":1.5},"geometry":{"type":"Polygon","coordinates":[]}},{"type":"Feature","properties":{"scalerank":0,"featurecla":"Land","min_zoom":3},"geometry":{"type":"Polygon","coordinates":[]}},{"type":"Feature","properties":{"scalerank":0,"featurecla":"Land","min_zoom":3},"geometry":{"type":"Polygon","coordinates":[]}},{"type":"Feature","properties":{"scalerank":0,"featurecla":"Land","min_zoom":2},"geometry":{"type":"Polygon","coordinates":[]}},{"type":"Feature","properties":{"scalerank":0,"featurecla":"Land","min_zoom":3},"geometry":{"type":"Polygon","coordinates":[]}},{"type":"Feature","properties":{"scalerank":0,"featurecla":"Land","min_zoom":2},"geometry":{"type":"Polygon","coordinates":[]}},{"type":"Feature","properties":{"scalerank":0,"featurecla":"Land","min_zoom":3},"geometry":{"type":"Polygon","coordinates":[]}},{"type":"Feature","properties":{"scalerank":0,"featurecla":"Land","min_zoom":3},"geometry":{"type":"Polygon","coordinates":[]}},{"type":"Feature","properties":{"scalerank":0,"featurecla":"Land","min_zoom":3},"geometry":{"type":"Polygon","coordinates":[]}},{"type":"Feature","properties":{"scalerank":0,"featurecla":"Land","min_zoom":3},"geometry":{"type":"Polygon","coordinates":[]}},{"type":"Feature","properties":{"scalerank":0,"featurecla":"Land","min_zoom":4},"geometry":{"type":"Polygon","coordinates":[]}},{"type":"Feature","properties":{"scalerank":0,"featurecla":"Land","min_zoom":1},"geometry":{"type":"Polygon","coordinates":[]}},{"type":"Feature","properties":{"scalerank":0,"featurecla":"Land","min_zoom":3},"geometry":{"type":"Polygon","coordinates":[]}},{"type":"Feature","properties":{"scalerank":0,"featurecla":"Land","min_zoom":3},"geometry":{"type":"Polygon","coordinates":[]}},{"type":"Feature","properties":{"scalerank":0,"featurecla":"Land","min_zoom":2},"geometry":{"type":"Polygon","coordinates":[]}},{"type":"Feature","properties":{"scalerank":0,"featurecla":"Land","min_zoom":4},"geometry":{"type":"Polygon","coordinates":[]}},{"type":"Feature","properties":{"scalerank":0,"featurecla":"Land","min_zoom":3},"geometry":{"type":"Polygon","coordinates":[]}},{"type":"Feature","properties":{"scalerank":0,"featurecla":"Land","min_zoom":1.5},"geometry":{"type":"Polygon","coordinates":[]}},{"type":"Feature","properties":{"scalerank":0,"featurecla":"Land","min_zoom":3},"geometry":{"type":"Polygon","coordinates":[]}},{"type":"Feature","properties":{"scalerank":0,"featurecla":"Land","min_zoom":3},"geometry":{"type":"Polygon","coordinates":[]}},{"type":"Feature","properties":{"scalerank":0,"featurecla":"Land","min_zoom":3},"geometry":{"type":"Polygon","coordinates":[]}},{"type":"Feature","properties":{"scalerank":0,"featurecla":"Land","min_zoom":3},"geometry":{"type":"Polygon","coordinates":[]}},{"type":"Feature","properties":{"scalerank":0,"featurecla":"Land","min_zoom":4},"geometry":{"type":"Polygon","coordinates":[[[-82.233496,9.380713],[-82.244434,9.334082],[-82.321729,9.418115],[-82.275781,9.431885],[-82.259424,9.430273],[-82.233496,9.380713]]]}},{"type":"Feature","properties":{"scalerank":0,"featurecla":"Land","min_zoom":3},"geometry":{"type":"Polygon","coordinates":[]}},{"type":"Feature","properties":{"scalerank":0,"featurecla":"Land","min_zoom":3},"geometry":{"type":"Polygon","coordinates":[]}},{"type":"Feature","properties":{"scalerank":0,"featurecla":"Land","min_zoom":3},"geometry":{"type":"Polygon","coordinates":[]}},{"type":"Feature","properties":{"scalerank":0,"featurecla":"Land","min_zoom":3},"geometry":{"type":"Polygon","coordinates":[[[-60.895215,13.821973],[-60.951416,13.717578],[-61.060645,13.783105],[-61.073145,13.865576],[-61.063574,13.915576],[-60.99668,14.010937],[-60.94458,14.072852],[-60.908105,14.093359],[-60.886768,14.011133],[-60.895215,13.821973]]]}},{"type":"Feature","properties":{"scalerank":0,"featurecla":"Land","min_zoom":2},"geometry":{"type":"Polygon","coordinates":[[[-60.82627,14.494482],[-60.836621,14.437402],[-60.862109,14.42627],[-60.899414,14.473779],[-61.063721,14.46709],[-61.088867,14.50957],[-61.090332,14.529687],[-61.011328,14.601904],[-61.104297,14.62124],[-61.141113,14.652393],[-61.219727,14.804395],[-61.21333,14.848584],[-61.180811,14.871924],[-61.127393,14.875293],[-61.0271,14.826172],[-60.952539,14.75625],[-60.927148,14.755176],[-60.918652,14.735352],[-60.933691,14.686182],[-60.88916,14.644531],[-60.869971,14.613721],[-60.82627,14.494482]]]}},{"type":"Feature","properties":{"scalerank":0,"featurecla":"Land","min_zoom":1},"geometry":{"type":"Polygon","coordinates":[[[-61.012109,10.134326],[-61.174268,10.078027],[-61.59668,10.064648],[-61.77168,10.085059],[-61.906104,10.069141],[-61.661475,10.191699],[-61.632715,10.243408],[-61.528857,10.253125],[-61.499316,10.268555],[-61.464746,10.538965],[-61.478271,10.603369],[-61.498828,10.638867],[-61.540918,10.664453],[-61.635303,10.699365],[-61.651172,10.718066],[-61.591846,10.747949],[-61.464844,10.764453],[-61.37002,10.796826],[-61.17373,10.80332],[-61.078516,10.831934],[-60.917627,10.840234],[-60.996729,10.716162],[-61.03374,10.669873],[-61.019336,10.558105],[-61.0375,10.482275],[-61.016406,10.386377],[-60.968457,10.323389],[-60.999609,10.261475],[-61.004102,10.167822],[-61.012109,10.134326]]]}},{"type":"Feature","properties":{"scalerank":0,"featurecla":"Land","min_zoom":3},"geometry":{"type":"Polygon","coordinates":[[[-68.205811,12.14458],[-68.254346,12.03208],[-68.282227,12.082275],[-68.287256,12.171729],[-68.307129,12.206738],[-68.348437,12.228076],[-68.371094,12.25752],[-68.369238,12.301953],[-68.219482,12.23125],[-68.205811,12.14458]]]}},{"type":"Feature","properties":{"scalerank":0,"featurecla":"Land","min_zoom":3},"geometry":{"type":"Polygon","coordinates":[[[-60.756299,11.178516],[-60.810645,11.168604],[-60.804297,11.208398],[-60.708936,11.277246],[-60.562793,11.323535],[-60.525488,11.325391],[-60.546484,11.263721],[-60.756299,11.178516]]]}},{"type":"Feature","properties":{"scalerank":0,"featurecla":"Land","min_zoom":4},"geometry":{"type":"Polygon","coordinates":[]}},{"type":"Feature","properties":{"scalerank":0,"featurecla":"Land","min_zoom":3},"geometry":{"type":"Polygon","coordinates":[[[-59.493311,13.081982],[-59.521875,13.062207],[-59.611328,13.1021],[-59.642773,13.150293],[-59.64668,13.303125],[-59.591602,13.317676],[-59.487891,13.196826],[-59.427637,13.152783],[-59.493311,13.081982]]]}},{"type":"Feature","properties":{"scalerank":0,"featurecla":"Land","min_zoom":2},"geometry":{"type":"Polygon","coordinates":[[[-63.849365,11.131006],[-63.817285,11.000342],[-63.8271,10.97583],[-63.917627,10.887549],[-63.993555,10.881201],[-64.054688,10.884326],[-64.101172,10.901416],[-64.160889,10.958789],[-64.218945,10.941602],[-64.3625,10.961523],[-64.402344,10.981592],[-64.348633,11.051904],[-64.249756,11.080322],[-64.213672,11.086133],[-64.184814,11.042969],[-64.112793,11.005664],[-64.02832,11.001855],[-64.007324,11.068457],[-63.893115,11.167236],[-63.849365,11.131006]]]}},{"type":"Feature","properties":{"scalerank":0,"featurecla":"Land","min_zoom":4},"geometry":{"type":"Polygon","coordinates":[]}},{"type":"Feature","properties":{"scalerank":0,"featurecla":"Land","min_zoom":3},"geometry":{"type":"Polygon","coordinates":[[[-61.71543,12.012646],[-61.78208,12.008203],[-61.755957,12.045703],[-61.749658,12.108545],[-61.715039,12.185059],[-61.660449,12.237305],[-61.606787,12.223389],[-61.6271,12.054199],[-61.71543,12.012646]]]}},{"type":"Feature","properties":{"scalerank":0,"featurecla":"Land","min_zoom":3},"geometry":{"type":"Polygon","coordinates":[]}},{"type":"Feature","properties":{"scalerank":0,"featurecla":"Land","min_zoom":3},"geometry":{"type":"Polygon","coordinates":[]}},{"type":"Feature","properties":{"scalerank":0,"featurecla":"Land","min_zoom":3},"geometry":{"type":"Polygon","coordinates":[]}},{"type":"Feature","properties":{"scalerank":0,"featurecla":"Land","min_zoom":2},"geometry":{"type":"Polygon","coordinates":[]}},{"type":"Feature","properties":{"scalerank":0,"featurecla":"Land","min_zoom":2},"geometry":{"type":"Polygon","coordinates":[]}},{"type":"Feature","properties":{"scalerank":0,"featurecla":"Land","min_zoom":2},"geometry":{"type":"Polygon","coordinates":[]}},{"type":"Feature","properties":{"scalerank":0,"featurecla":"Land","min_zoom":3},"geometry":{"type":"Polygon","coordinates":[[[-61.174512,13.158105],[-61.203906,13.142285],[-61.277295,13.20957],[-61.268457,13.287695],[-61.224072,13.330664],[-61.182129,13.355957],[-61.138965,13.35874],[-61.124023,13.294043],[-61.134521,13.202881],[-61.174512,13.158105]]]}},{"type":"Feature","properties":{"scalerank":0,"featurecla":"Land","min_zoom":3},"geometry":{"type":"Polygon","coordinates":[]}},{"type":"Feature","properties":{"scalerank":0,"featurecla":"Land","min_zoom":3},"geometry":{"type":"Polygon","coordinates":[[[-68.751074,12.059766],[-68.80332,12.045459],[-68.995117,12.141846],[-69.153809,12.298437],[-69.158887,12.380273],[-69.118457,12.373242],[-69.076758,12.342041],[-69.013135,12.231348],[-68.827393,12.158545],[-68.751074,12.059766]]]}},{"type":"Feature","properties":{"scalerank":0,"featurecla":"Land","min_zoom":3},"geometry":{"type":"Polygon","coordinates":[]}},{"type":"Feature","properties":{"scalerank":0,"featurecla":"Land","min_zoom":4},"geometry":{"type":"Polygon","coordinates":[]}},{"type":"Feature","properties":{"scalerank":0,"featurecla":"Land","min_zoom":4},"geometry":{"type":"Polygon","coordinates":[]}},{"type":"Feature","properties":{"scalerank":0,"featurecla":"Land","min_zoom":3},"geometry":{"type":"Polygon","coordinates":[]}},{"type":"Feature","properties":{"scalerank":0,"featurecla":"Land","min_zoom":3},"geometry":{"type":"Polygon","coordinates":[]}},{"type":"Feature","properties":{"scalerank":0,"featurecla":"Land","min_zoom":1},"geometry":{"type":"Polygon","coordinates":[]}},{"type":"Feature","properties":{"scalerank":0,"featurecla":"Land","min_zoom":4},"geometry":{"type":"Polygon","coordinates":[]}},{"type":"Feature","properties":{"scalerank":0,"featurecla":"Land","min_zoom":3},"geometry":{"type":"Polygon","coordinates":[]}},{"type":"Feature","properties":{"scalerank":0,"featurecla":"Land","min_zoom":1},"geometry":{"type":"Polygon","coordinates":[]}},{"type":"Feature","properties":{"scalerank":0,"featurecla":"Land","min_zoom":3},"geometry":{"type":"Polygon","coordinates":[]}},{"type":"Feature","properties":{"scalerank":0,"featurecla":"Land","min_zoom":3},"geometry":{"type":"Polygon","coordinates":[]}},{"type":"Feature","properties":{"scalerank":0,"featurecla":"Land","min_zoom":3},"geometry":{"type":"Polygon","coordinates":[]}},{"type":"Feature","properties":{"scalerank":0,"featurecla":"Land","min_zoom":3},"geometry":{"type":"Polygon","coordinates":[]}},{"type":"Feature","properties":{"scalerank":0,"featurecla":"Land","min_zoom":4},"geometry":{"type":"Polygon","coordinates":[]}},{"type":"Feature","properties":{"scalerank":0,"featurecla":"Land","min_zoom":3},"geometry":{"type":"Polygon","coordinates":[]}},{"type":"Feature","properties":{"scalerank":0,"featurecla":"Land","min_zoom":2},"geometry":{"type":"Polygon","coordinates":[]}},{"type":"Feature","properties":{"scalerank":0,"featurecla":"Land","min_zoom":3},"geometry":{"type":"Polygon","coordinates":[]}},{"type":"Feature","properties":{"scalerank":0,"featurecla":"Land","min_zoom":3},"geometry":{"type":"Polygon","coordinates":[]}},{"type":"Feature","properties":{"scalerank":0,"featurecla":"Land","min_zoom":4},"geometry":{"type":"Polygon","coordinates":[]}},{"type":"Feature","properties":{"scalerank":0,"featurecla":"Land","min_zoom":2},"geometry":{"type":"Polygon","coordinates":[]}},{"type":"Feature","properties":{"scalerank":0,"featurecla":"Land","min_zoom":2},"geometry":{"type":"Polygon","coordinates":[]}},{"type":"Feature","properties":{"scalerank":0,"featurecla":"Land","min_zoom":3},"geometry":{"type":"Polygon","coordinates":[]}},{"type":"Feature","properties":{"scalerank":0,"featurecla":"Land","min_zoom":3},"geometry":{"type":"Polygon","coordinates":[]}},{"type":"Feature","properties":{"scalerank":0,"featurecla":"Land","min_zoom":3},"geometry":{"type":"Polygon","coordinates":[]}},{"type":"Feature","properties":{"scalerank":0,"featurecla":"Land","min_zoom":0},"geometry":{"type":"Polygon","coordinates":[]}},{"type":"Feature","properties":{"scalerank":0,"featurecla":"Land","min_zoom":3},"geometry":{"type":"Polygon","coordinates":[]}},{"type":"Feature","properties":{"scalerank":0,"featurecla":"Land","min_zoom":3},"geometry":{"type":"Polygon","coordinates":[]}},{"type":"Feature","properties":{"scalerank":0,"featurecla":"Land","min_zoom":3},"geometry":{"type":"Polygon","coordinates":[]}},{"type":"Feature","properties":{"scalerank":0,"featurecla":"Land","min_zoom":3},"geometry":{"type":"Polygon","coordinates":[]}},{"type":"Feature","properties":{"scalerank":0,"featurecla":"Land","min_zoom":3},"geometry":{"type":"Polygon","coordinates":[]}},{"type":"Feature","properties":{"scalerank":0,"featurecla":"Land","min_zoom":3},"geometry":{"type":"Polygon","coordinates":[]}},{"type":"Feature","properties":{"scalerank":0,"featurecla":"Land","min_zoom":2},"geometry":{"type":"Polygon","coordinates":[]}},{"type":"Feature","properties":{"scalerank":0,"featurecla":"Land","min_zoom":3},"geometry":{"type":"Polygon","coordinates":[]}},{"type":"Feature","properties":{"scalerank":0,"featurecla":"Land","min_zoom":3},"geometry":{"type":"Polygon","coordinates":[]}},{"type":"Feature","properties":{"scalerank":0,"featurecla":"Land","min_zoom":3},"geometry":{"type":"Polygon","coordinates":[]}},{"type":"Feature","properties":{"scalerank":0,"featurecla":"Land","min_zoom":3},"geometry":{"type":"Polygon","coordinates":[]}},{"type":"Feature","properties":{"scalerank":0,"featurecla":"Land","min_zoom":3},"geometry":{"type":"Polygon","coordinates":[]}},{"type":"Feature","properties":{"scalerank":0,"featurecla":"Land","min_zoom":3},"geometry":{"type":"Polygon","coordinates":[[[-60.9979,8.867334],[-61.059961,8.847021],[-61.069189,8.947314],[-61.050488,8.974365],[-60.944775,9.055029],[-60.91582,9.070312],[-60.89458,9.053369],[-60.899902,9.031885],[-60.84917,8.995703],[-60.861426,8.949609],[-60.916406,8.899268],[-60.9979,8.867334]]]}},{"type":"Feature","properties":{"scalerank":0,"featurecla":"Land","min_zoom":2},"geometry":{"type":"Polygon","coordinates":[[[-80.131592,-2.973145],[-80.150684,-3.011719],[-80.245703,-3.008301],[-80.272949,-2.995898],[-80.272168,-2.951758],[-80.249805,-2.811914],[-80.223682,-2.753125],[-80.145703,-2.696289],[-80.080762,-2.668848],[-79.997266,-2.673828],[-79.909033,-2.725586],[-80.013232,-2.819531],[-80.071191,-2.833789],[-80.093408,-2.845898],[-80.131592,-2.973145]]]}},{"type":"Feature","properties":{"scalerank":0,"featurecla":"Land","min_zoom":0},"geometry":{"type":"Polygon","coordinates":[[[-51.83252,-1.433789],[-51.938379,-1.452637],[-51.802051,-1.202539],[-51.680029,-1.086133],[-51.678271,-0.855078],[-51.546045,-0.649609],[-51.424463,-0.565918],[-51.254004,-0.541406],[-51.160742,-0.666699],[-51.276318,-1.021777],[-51.310107,-1.023828],[-51.465137,-1.211133],[-51.637695,-1.341895],[-51.83252,-1.433789]]]}},{"type":"Feature","properties":{"scalerank":0,"featurecla":"Land","min_zoom":4},"geometry":{"type":"Polygon","coordinates":[[[-79.06543,8.254199],[-79.110352,8.209814],[-79.127539,8.251855],[-79.096289,8.29541],[-79.085303,8.295801],[-79.06543,8.254199]]]}},{"type":"Feature","properties":{"scalerank":0,"featurecla":"Land","min_zoom":4},"geometry":{"type":"Polygon","coordinates":[[[-78.909229,1.252783],[-78.965625,1.245361],[-78.991699,1.293213],[-78.923242,1.348926],[-78.899805,1.359766],[-78.909229,1.252783]]]}},{"type":"Feature","properties":{"scalerank":0,"featurecla":"Land","min_zoom":4},"geometry":{"type":"Polygon","coordinates":[[[-78.113721,2.541748],[-78.14082,2.519678],[-78.19248,2.559277],[-78.210107,2.60918],[-78.178418,2.646338],[-78.137646,2.63418],[-78.119141,2.603613],[-78.113721,2.541748]]]}},{"type":"Feature","properties":{"scalerank":0,"featurecla":"Land","min_zoom":3},"geometry":{"type":"Polygon","coordinates":[[[-60.821191,9.138379],[-60.941406,9.105566],[-60.939453,9.132324],[-60.907275,9.178711],[-60.844873,9.191797],[-60.821387,9.207666],[-60.781592,9.218359],[-60.758887,9.216455],[-60.73584,9.20332],[-60.790381,9.177197],[-60.821191,9.138379]]]}},{"type":"Feature","properties":{"scalerank":0,"featurecla":"Land","min_zoom":3},"geometry":{"type":"Polygon","coordinates":[[[-44.499316,-2.939648],[-44.597754,-3.037598],[-44.565332,-2.923926],[-44.581885,-2.845605],[-44.569092,-2.784961],[-44.501953,-2.72627],[-44.481445,-2.717578],[-44.487305,-2.789746],[-44.482568,-2.811914],[-44.499316,-2.939648]]]}},{"type":"Feature","properties":{"scalerank":0,"featurecla":"Land","min_zoom":3},"geometry":{"type":"Polygon","coordinates":[[[-38.743848,-13.09707],[-38.783008,-13.118652],[-38.786963,-13.055078],[-38.684863,-12.974902],[-38.668115,-12.880176],[-38.614551,-12.924023],[-38.600293,-12.972461],[-38.601172,-12.992578],[-38.743848,-13.09707]]]}},{"type":"Feature","properties":{"scalerank":0,"featurecla":"Land","min_zoom":3},"geometry":{"type":"Polygon","coordinates":[[[-38.903564,-13.473438],[-38.937891,-13.532324],[-38.977588,-13.523535],[-38.993213,-13.484082],[-39.022168,-13.445605],[-39.006592,-13.415527],[-38.980127,-13.398438],[-38.907129,-13.401074],[-38.903564,-13.473438]]]}},{"type":"Feature","properties":{"scalerank":0,"featurecla":"Land","min_zoom":3},"geometry":{"type":"Polygon","coordinates":[[[-44.883105,-1.317871],[-44.947119,-1.366016],[-44.967871,-1.39082],[-45.02085,-1.372363],[-45.01123,-1.344727],[-44.995605,-1.347559],[-44.978662,-1.267285],[-44.888281,-1.276855],[-44.883105,-1.317871]]]}},{"type":"Feature","properties":{"scalerank":0,"featurecla":"Land","min_zoom":2},"geometry":{"type":"Polygon","coordinates":[[[-49.738232,0.268164],[-49.697266,0.215967],[-49.838965,0.006885],[-49.91709,-0.023193],[-50.00249,-0.029297],[-50.113135,0.033008],[-50.285596,0.028564],[-50.339453,0.043359],[-50.345117,0.134473],[-50.272656,0.231738],[-50.127979,0.226514],[-49.879004,0.304541],[-49.738232,0.268164]]]}},{"type":"Feature","properties":{"scalerank":0,"featurecla":"Land","min_zoom":3},"geometry":{"type":"Polygon","coordinates":[[[-50.298975,1.938525],[-50.398779,1.892871],[-50.456104,1.910498],[-50.508984,2.029541],[-50.491016,2.128613],[-50.41875,2.161475],[-50.362646,2.154443],[-50.341992,2.141748],[-50.29209,1.97959],[-50.298975,1.938525]]]}},{"type":"Feature","properties":{"scalerank":0,"featurecla":"Land","min_zoom":2},"geometry":{"type":"Polygon","coordinates":[[[-50.652881,-0.131641],[-50.926367,-0.327344],[-51.018994,-0.263086],[-51.038086,-0.225879],[-51.022363,-0.188379],[-51.025732,-0.172363],[-50.995068,-0.105273],[-50.842187,-0.050195],[-50.765283,-0.040869],[-50.666992,-0.058008],[-50.650586,-0.105859],[-50.652881,-0.131641]]]}},{"type":"Feature","properties":{"scalerank":0,"featurecla":"Land","min_zoom":2},"geometry":{"type":"Polygon","coordinates":[[[-49.443896,-0.112402],[-49.708838,-0.14375],[-49.830078,-0.093896],[-49.802686,-0.051855],[-49.712305,0.015137],[-49.602197,0.062695],[-49.503467,0.083691],[-49.400488,0.057227],[-49.372314,0.001074],[-49.380859,-0.055469],[-49.443896,-0.112402]]]}},{"type":"Feature","properties":{"scalerank":0,"featurecla":"Land","min_zoom":2},"geometry":{"type":"Polygon","coordinates":[[[-50.426123,0.139258],[-50.443945,-0.007666],[-50.623926,0.054395],[-50.610449,0.204785],[-50.526221,0.246924],[-50.451562,0.326904],[-50.426074,0.424951],[-50.424561,0.558252],[-50.396875,0.581396],[-50.372754,0.590869],[-50.350977,0.581738],[-50.342529,0.381592],[-50.332275,0.259033],[-50.426123,0.139258]]]}},{"type":"Feature","properties":{"scalerank":0,"featurecla":"Land","min_zoom":3},"geometry":{"type":"Polygon","coordinates":[[[-50.15293,0.393018],[-50.261328,0.35918],[-50.281543,0.39082],[-50.281689,0.516504],[-50.251172,0.585449],[-50.112793,0.604736],[-50.098633,0.625],[-50.058838,0.638037],[-50.036816,0.594824],[-50.040039,0.522803],[-50.15293,0.393018]]]}},{"type":"Feature","properties":{"scalerank":0,"featurecla":"Land","min_zoom":2},"geometry":{"type":"Polygon","coordinates":[[[-90.334863,-0.771582],[-90.387109,-0.77334],[-90.542139,-0.676465],[-90.531689,-0.581445],[-90.469727,-0.517383],[-90.269385,-0.484668],[-90.185303,-0.544824],[-90.192725,-0.658789],[-90.261084,-0.741992],[-90.31543,-0.757227],[-90.334863,-0.771582]]]}},{"type":"Feature","properties":{"scalerank":0,"featurecla":"Land","min_zoom":3},"geometry":{"type":"Polygon","coordinates":[[[-89.418896,-0.911035],[-89.536621,-0.952344],[-89.577295,-0.933789],[-89.602637,-0.913477],[-89.608594,-0.888574],[-89.543457,-0.826855],[-89.479932,-0.793359],[-89.423145,-0.722266],[-89.318408,-0.680078],[-89.287842,-0.689844],[-89.267432,-0.70459],[-89.259375,-0.728418],[-89.294873,-0.785938],[-89.35835,-0.826074],[-89.418896,-0.911035]]]}},{"type":"Feature","properties":{"scalerank":0,"featurecla":"Land","min_zoom":3},"geometry":{"type":"Polygon","coordinates":[[[-81.603271,7.332812],[-81.658105,7.327539],[-81.770117,7.370361],[-81.852051,7.45332],[-81.858594,7.480176],[-81.856934,7.507666],[-81.812158,7.592383],[-81.752295,7.621631],[-81.72876,7.621191],[-81.671436,7.523438],[-81.710449,7.485547],[-81.694727,7.425],[-81.613428,7.380176],[-81.603271,7.332812]]]}},{"type":"Feature","properties":{"scalerank":0,"featurecla":"Land","min_zoom":3},"geometry":{"type":"Polygon","coordinates":[[[-91.425977,-0.46084],[-91.526367,-0.478223],[-91.610742,-0.443945],[-91.646582,-0.39082],[-91.65415,-0.310938],[-91.64668,-0.284473],[-91.460156,-0.255664],[-91.399365,-0.322461],[-91.399951,-0.420898],[-91.425977,-0.46084]]]}},{"type":"Feature","properties":{"scalerank":0,"featurecla":"Land","min_zoom":3},"geometry":{"type":"Polygon","coordinates":[[[-90.423926,-1.339941],[-90.464404,-1.341992],[-90.519531,-1.299121],[-90.477197,-1.220996],[-90.431982,-1.239844],[-90.39873,-1.262305],[-90.37915,-1.292285],[-90.423926,-1.339941]]]}},{"type":"Feature","properties":{"scalerank":0,"featurecla":"Land","min_zoom":2},"geometry":{"type":"Polygon","coordinates":[[[-91.272168,0.025146],[-91.210059,-0.039307],[-91.176221,-0.223047],[-90.975537,-0.416895],[-90.950635,-0.525195],[-90.968457,-0.575586],[-90.958936,-0.595313],[-90.862549,-0.671777],[-90.799658,-0.752051],[-90.905518,-0.940527],[-91.131055,-1.019629],[-91.371533,-1.016992],[-91.419043,-0.99668],[-91.483545,-0.924609],[-91.49541,-0.860938],[-91.458301,-0.799512],[-91.334082,-0.70625],[-91.144678,-0.622852],[-91.120947,-0.559082],[-91.197021,-0.496973],[-91.249512,-0.373633],[-91.369189,-0.287207],[-91.428857,-0.023389],[-91.468701,-0.010303],[-91.55,-0.04668],[-91.590088,-0.014795],[-91.596826,0.0021],[-91.50918,0.062256],[-91.491016,0.105176],[-91.361377,0.12583],[-91.305762,0.091406],[-91.272168,0.025146]]]}},{"type":"Feature","properties":{"scalerank":0,"featurecla":"Land","min_zoom":3},"geometry":{"type":"Polygon","coordinates":[[[-90.573926,-0.333984],[-90.620459,-0.364258],[-90.809033,-0.329395],[-90.867773,-0.271387],[-90.820361,-0.192188],[-90.780371,-0.160449],[-90.667529,-0.189844],[-90.55332,-0.278418],[-90.573926,-0.333984]]]}},{"type":"Feature","properties":{"scalerank":0,"featurecla":"Land","min_zoom":3},"geometry":{"type":"Polygon","coordinates":[]}},{"type":"Feature","properties":{"scalerank":0,"featurecla":"Land","min_zoom":3},"geometry":{"type":"Polygon","coordinates":[]}},{"type":"Feature","properties":{"scalerank":0,"featurecla":"Land","min_zoom":3},"geometry":{"type":"Polygon","coordinates":[]}},{"type":"Feature","properties":{"scalerank":0,"featurecla":"Land","min_zoom":3},"geometry":{"type":"Polygon","coordinates":[]}},{"type":"Feature","properties":{"scalerank":0,"featurecla":"Land","min_zoom":3},"geometry":{"type":"Polygon","coordinates":[]}},{"type":"Feature","properties":{"scalerank":0,"featurecla":"Land","min_zoom":2},"geometry":{"type":"Polygon","coordinates":[]}},{"type":"Feature","properties":{"scalerank":0,"featurecla":"Land","min_zoom":4},"geometry":{"type":"Polygon","coordinates":[]}},{"type":"Feature","properties":{"scalerank":0,"featurecla":"Land","min_zoom":3},"geometry":{"type":"Polygon","coordinates":[]}},{"type":"Feature","properties":{"scalerank":0,"featurecla":"Land","min_zoom":3},"geometry":{"type":"Polygon","coordinates":[]}},{"type":"Feature","properties":{"scalerank":0,"featurecla":"Land","min_zoom":3},"geometry":{"type":"Polygon","coordinates":[]}},{"type":"Feature","properties":{"scalerank":0,"featurecla":"Land","min_zoom":1},"geometry":{"type":"Polygon","coordinates":[]}},{"type":"Feature","properties":{"scalerank":0,"featurecla":"Land","min_zoom":3},"geometry":{"type":"Polygon","coordinates":[]}},{"type":"Feature","properties":{"scalerank":0,"featurecla":"Land","min_zoom":4},"geometry":{"type":"Polygon","coordinates":[]}},{"type":"Feature","properties":{"scalerank":0,"featurecla":"Land","min_zoom":4},"geometry":{"type":"Polygon","coordinates":[]}},{"type":"Feature","properties":{"scalerank":0,"featurecla":"Land","min_zoom":3},"geometry":{"type":"Polygon","coordinates":[]}},{"type":"Feature","properties":{"scalerank":0,"featurecla":"Land","min_zoom":3},"geometry":{"type":"Polygon","coordinates":[]}},{"type":"Feature","properties":{"scalerank":0,"featurecla":"Land","min_zoom":3},"geometry":{"type":"Polygon","coordinates":[]}},{"type":"Feature","properties":{"scalerank":0,"featurecla":"Land","min_zoom":4},"geometry":{"type":"Polygon","coordinates":[]}},{"type":"Feature","properties":{"scalerank":0,"featurecla":"Land","min_zoom":3},"geometry":{"type":"Polygon","coordinates":[]}},{"type":"Feature","properties":{"scalerank":0,"featurecla":"Land","min_zoom":3},"geometry":{"type":"Polygon","coordinates":[]}},{"type":"Feature","properties":{"scalerank":0,"featurecla":"Land","min_zoom":4},"geometry":{"type":"Polygon","coordinates":[]}},{"type":"Feature","properties":{"scalerank":0,"featurecla":"Land","min_zoom":4},"geometry":{"type":"Polygon","coordinates":[]}},{"type":"Feature","properties":{"scalerank":0,"featurecla":"Land","min_zoom":4},"geometry":{"type":"Polygon","coordinates":[]}},{"type":"Feature","properties":{"scalerank":0,"featurecla":"Land","min_zoom":4},"geometry":{"type":"Polygon","coordinates":[]}},{"type":"Feature","properties":{"scalerank":0,"featurecla":"Land","min_zoom":4},"geometry":{"type":"Polygon","coordinates":[]}},{"type":"Feature","properties":{"scalerank":0,"featurecla":"Land","min_zoom":4},"geometry":{"type":"Polygon","coordinates":[]}},{"type":"Feature","properties":{"scalerank":0,"featurecla":"Land","min_zoom":3},"geometry":{"type":"Polygon","coordinates":[]}},{"type":"Feature","properties":{"scalerank":0,"featurecla":"Land","min_zoom":3},"geometry":{"type":"Polygon","coordinates":[]}},{"type":"Feature","properties":{"scalerank":0,"featurecla":"Land","min_zoom":3},"geometry":{"type":"Polygon","coordinates":[]}},{"type":"Feature","properties":{"scalerank":0,"featurecla":"Land","min_zoom":3},"geometry":{"type":"Polygon","coordinates":[]}},{"type":"Feature","properties":{"scalerank":0,"featurecla":"Land","min_zoom":4},"geometry":{"type":"Polygon","coordinates":[]}},{"type":"Feature","properties":{"scalerank":0,"featurecla":"Land","min_zoom":4},"geometry":{"type":"Polygon","coordinates":[]}},{"type":"Feature","properties":{"scalerank":0,"featurecla":"Land","min_zoom":2},"geometry":{"type":"Polygon","coordinates":[]}},{"type":"Feature","properties":{"scalerank":0,"featurecla":"Land","min_zoom":4},"geometry":{"type":"Polygon","coordinates":[]}},{"type":"Feature","properties":{"scalerank":0,"featurecla":"Land","min_zoom":3},"geometry":{"type":"Polygon","coordinates":[]}},{"type":"Feature","properties":{"scalerank":0,"featurecla":"Land","min_zoom":4},"geometry":{"type":"Polygon","coordinates":[]}},{"type":"Feature","properties":{"scalerank":0,"featurecla":"Land","min_zoom":3},"geometry":{"type":"Polygon","coordinates":[]}},{"type":"Feature","properties":{"scalerank":0,"featurecla":"Land","min_zoom":4},"geometry":{"type":"Polygon","coordinates":[]}},{"type":"Feature","properties":{"scalerank":0,"featurecla":"Land","min_zoom":3},"geometry":{"type":"Polygon","coordinates":[]}},{"type":"Feature","properties":{"scalerank":0,"featurecla":"Land","min_zoom":4},"geometry":{"type":"Polygon","coordinates":[]}},{"type":"Feature","properties":{"scalerank":0,"featurecla":"Land","min_zoom":3},"geometry":{"type":"Polygon","coordinates":[]}},{"type":"Feature","properties":{"scalerank":0,"featurecla":"Land","min_zoom":4},"geometry":{"type":"Polygon","coordinates":[]}},{"type":"Feature","properties":{"scalerank":0,"featurecla":"Land","min_zoom":4},"geometry":{"type":"Polygon","coordinates":[]}},{"type":"Feature","properties":{"scalerank":0,"featurecla":"Land","min_zoom":4},"geometry":{"type":"Polygon","coordinates":[]}},{"type":"Feature","properties":{"scalerank":0,"featurecla":"Land","min_zoom":4},"geometry":{"type":"Polygon","coordinates":[]}},{"type":"Feature","properties":{"scalerank":0,"featurecla":"Land","min_zoom":0},"geometry":{"type":"Polygon","coordinates":[]}},{"type":"Feature","properties":{"scalerank":0,"featurecla":"Land","min_zoom":0},"geometry":{"type":"Polygon","coordinates":[]}},{"type":"Feature","properties":{"scalerank":0,"featurecla":"Land","min_zoom":0},"geometry":{"type":"Polygon","coordinates":[[[-83.16710917580609,15],[-83.15752,14.993066],[-83.185352,14.956396],[-83.215918,14.932373],[-83.279883,14.812793],[-83.302002,14.8021],[-83.306348,14.890527],[-83.344385,14.9021],[-83.389014,14.870654],[-83.413721,14.825342],[-83.374854,14.766113],[-83.340723,14.765283],[-83.299219,14.749023],[-83.187744,14.340088],[-83.211719,14.267139],[-83.280811,14.153613],[-83.346582,14.056982],[-83.412305,13.996484],[-83.49375,13.738818],[-83.567334,13.320312],[-83.514453,12.943945],[-83.541211,12.596289],[-83.517969,12.514111],[-83.510937,12.411816],[-83.565234,12.393408],[-83.595898,12.396484],[-83.627197,12.459326],[-83.623682,12.514551],[-83.591211,12.579346],[-83.578076,12.667139],[-83.593359,12.713086],[-83.625342,12.612891],[-83.681641,12.568115],[-83.718359,12.552637],[-83.754248,12.501953],[-83.716211,12.406738],[-83.667334,12.337061],[-83.65127,12.287061],[-83.669238,12.227539],[-83.68042,12.024316],[-83.697705,12.02998],[-83.715576,12.057422],[-83.767187,12.059277],[-83.77334,11.977393],[-83.769336,11.931641],[-83.813184,11.896387],[-83.828906,11.861035],[-83.792969,11.836182],[-83.753369,11.821289],[-83.70459,11.824561],[-83.664307,11.723877],[-83.651758,11.642041],[-83.744971,11.566504],[-83.776611,11.503955],[-83.829395,11.428174],[-83.859082,11.353662],[-83.867871,11.300049],[-83.831836,11.130518],[-83.76792,11.010254],[-83.714062,10.933838],[-83.641992,10.917236],[-83.617285,10.87749],[-83.588184,10.81499],[-83.575293,10.734717],[-83.448242,10.465918],[-83.346826,10.315381],[-83.124609,10.041602],[-83.028516,9.99126],[-82.866309,9.770947],[-82.810303,9.73457],[-82.778418,9.669531],[-82.610156,9.616016],[-82.563574,9.57666],[-82.500342,9.523242],[-82.370801,9.428564],[-82.363184,9.381934],[-82.375391,9.337256],[-82.339746,9.20918],[-82.272461,9.190625],[-82.204883,9.21543],[-82.188135,9.191748],[-82.200684,9.168115],[-82.235449,9.14165],[-82.244189,9.031494],[-82.133301,8.980078],[-82.077881,8.934863],[-81.894141,8.956104],[-81.826416,8.944092],[-81.780225,8.957227],[-81.831494,9.045605],[-81.900146,9.111035],[-81.894482,9.14043],[-81.842383,9.118701],[-81.802588,9.074121],[-81.712207,9.018945],[-81.545605,8.827002],[-81.354785,8.780566],[-81.20376,8.786719],[-81.063086,8.812646],[-80.838672,8.887207],[-80.676465,9.021875],[-80.546875,9.081934],[-80.1271,9.209912],[-79.977979,9.343701],[-79.915088,9.361328],[-79.855078,9.378076],[-79.723096,9.479297],[-79.652246,9.558203],[-79.577295,9.597852],[-79.355469,9.569238],[-79.211621,9.531934],[-79.112256,9.536768],[-79.016699,9.510449],[-78.975,9.452979],[-78.931641,9.428467],[-78.696924,9.434766],[-78.504346,9.406299],[-78.082764,9.236279],[-77.830811,9.068115],[-77.697217,8.889453],[-77.374219,8.658301],[-77.344141,8.636719],[-77.261572,8.493701],[-77.130127,8.400586],[-76.992285,8.250342],[-76.93584,8.146826],[-76.890967,8.127979],[-76.851855,8.090479],[-76.869092,8.062695],[-76.912207,8.033398],[-76.924658,7.973193],[-76.896631,7.939453],[-76.866895,7.917969],[-76.786572,7.931592],[-76.742334,8.002148],[-76.77207,8.310547],[-76.818604,8.464697],[-76.872217,8.512744],[-76.920459,8.57373],[-76.887988,8.619873],[-76.802246,8.640674],[-76.689355,8.694727],[-76.276855,8.989111],[-76.135498,9.265625],[-76.027246,9.365771],[-75.905029,9.430908],[-75.755566,9.415625],[-75.639355,9.450439],[-75.603613,9.538477],[-75.635352,9.657812],[-75.680029,9.729785],[-75.637109,9.834277],[-75.592676,9.992725],[-75.595898,10.12583],[-75.538574,10.205176],[-75.558398,10.236426],[-75.642187,10.172168],[-75.70835,10.143408],[-75.670898,10.196338],[-75.553711,10.327734],[-75.492773,10.527637],[-75.445996,10.610889],[-75.280615,10.727197],[-75.247949,10.783252],[-75.123047,10.87041],[-74.921582,11.057568],[-74.84458,11.109717],[-74.454248,10.989062],[-74.330225,10.99668],[-74.352393,10.974658],[-74.40957,10.967187],[-74.492285,10.934473],[-74.51626,10.8625],[-74.460254,10.787061],[-74.400879,10.765234],[-74.350195,10.813721],[-74.299951,10.952246],[-74.219141,11.105322],[-74.200195,11.265723],[-74.14292,11.32085],[-74.059131,11.340625],[-73.90957,11.308887],[-73.795703,11.275684],[-73.676904,11.271484],[-73.313379,11.295752],[-72.721826,11.712158],[-72.44707,11.801709],[-72.275,11.889258],[-72.165234,12.060205],[-72.135742,12.188574],[-72.055078,12.238428],[-71.970117,12.238281],[-71.93125,12.269531],[-71.919141,12.309082],[-71.714551,12.419971],[-71.597461,12.434375],[-71.493994,12.432275],[-71.262109,12.335303],[-71.155029,12.16416],[-71.137305,12.046338],[-71.28418,11.918311],[-71.319727,11.861914],[-71.349414,11.814941],[-71.414551,11.755176],[-71.488379,11.71875],[-71.868652,11.627344],[-71.90752,11.607959],[-71.956934,11.569922],[-71.957227,11.482812],[-71.946973,11.414453],[-71.835107,11.190332],[-71.791455,11.135059],[-71.641602,11.013525],[-71.675684,10.996729],[-71.730908,10.994678],[-71.69043,10.835498],[-71.598437,10.726221],[-71.594336,10.657373],[-71.664844,10.44375],[-71.793506,10.315967],[-71.884766,10.167236],[-71.955713,10.108057],[-72.112842,9.815576],[-71.993262,9.641504],[-71.97627,9.553223],[-71.873047,9.427637],[-71.805664,9.386426],[-71.760742,9.335742],[-71.781348,9.25],[-71.740137,9.133887],[-71.686719,9.07251],[-71.619531,9.047949],[-71.536621,9.048291],[-71.297949,9.125635],[-71.241406,9.160449],[-71.205371,9.222461],[-71.08584,9.348242],[-71.078418,9.510791],[-71.052686,9.705811],[-71.081738,9.833203],[-71.207227,10.0146],[-71.262207,10.143604],[-71.386621,10.26377],[-71.462793,10.469238],[-71.494238,10.533203],[-71.517871,10.621826],[-71.544629,10.778711],[-71.461133,10.835645],[-71.469531,10.96416],[-71.264355,10.999512],[-70.820508,11.208447],[-70.545605,11.261377],[-70.23252,11.372998],[-70.159961,11.428076],[-70.097119,11.519775],[-70.048535,11.530322],[-69.885352,11.444336],[-69.804785,11.474219],[-69.7729,11.541309],[-69.817334,11.67207],[-69.910937,11.672119],[-70.192578,11.624609],[-70.220117,11.680859],[-70.22002,11.730078],[-70.286523,11.886035],[-70.245117,12.003516],[-70.202783,12.098389],[-70.122021,12.136621],[-70.003955,12.177881],[-69.914355,12.1146],[-69.860107,12.054199],[-69.830615,11.995605],[-69.810547,11.836865],[-69.762402,11.676025],[-69.711914,11.564209],[-69.631592,11.479932],[-69.569824,11.485449],[-69.525732,11.499512],[-69.232568,11.518457],[-69.05459,11.461035],[-68.827979,11.431738],[-68.616211,11.309375],[-68.398633,11.160986],[-68.343164,11.052832],[-68.324805,10.949316],[-68.27207,10.880029],[-68.324707,10.80874],[-68.296289,10.689355],[-68.234082,10.569141],[-68.139941,10.492725],[-67.871631,10.47207],[-67.581348,10.52373],[-67.133301,10.57041],[-66.989062,10.610645],[-66.247217,10.632227],[-66.105859,10.574609],[-66.092139,10.51709],[-66.090479,10.472949],[-65.851758,10.257764],[-65.655859,10.228467],[-65.489355,10.159424],[-65.317383,10.122363],[-65.129102,10.070068],[-65.023291,10.07666],[-64.944043,10.09502],[-64.850488,10.098096],[-64.18833,10.457812],[-63.833691,10.448535],[-63.779053,10.471924],[-63.731885,10.503418],[-63.862695,10.558154],[-64.15791,10.579248],[-64.24751,10.542578],[-64.298193,10.635156],[-64.201953,10.632666],[-63.873437,10.66377],[-63.496777,10.643262],[-63.189893,10.70918],[-63.035498,10.720117],[-62.946729,10.70708],[-62.702344,10.749805],[-62.242285,10.699561],[-61.879492,10.741016],[-61.921387,10.681445],[-62.04043,10.645361],[-62.23291,10.633984],[-62.37998,10.546875],[-62.693555,10.562988],[-62.913574,10.531494],[-62.842969,10.507227],[-62.843018,10.41792],[-62.812939,10.399902],[-62.78125,10.399219],[-62.706299,10.333057],[-62.68584,10.289795],[-62.661621,10.198584],[-62.694678,10.100098],[-62.740576,10.056152],[-62.651172,10.070654],[-62.600488,10.116943],[-62.60791,10.163428],[-62.600488,10.217285],[-62.550342,10.200439],[-62.515137,10.176123],[-62.400928,9.918408],[-62.32041,9.783057],[-62.299805,9.788184],[-62.280664,9.792969],[-62.256738,9.818896],[-62.221143,9.882568],[-62.19043,9.842187],[-62.171973,9.826709],[-62.153369,9.821777],[-62.170312,9.879492],[-62.147461,9.953418],[-62.155322,9.979248],[-62.119629,9.984863],[-62.0771,9.975049],[-62.016504,9.954687],[-61.908594,9.869922],[-61.837256,9.78208],[-61.831152,9.733057],[-61.805371,9.705518],[-61.75874,9.676514],[-61.735937,9.631201],[-61.731738,9.70249],[-61.75918,9.754443],[-61.765918,9.813818],[-61.625391,9.816455],[-61.588867,9.894531],[-61.512305,9.84751],[-61.309375,9.633057],[-61.234424,9.597607],[-61.013379,9.556445],[-60.874072,9.45332],[-60.79248,9.360742],[-60.840967,9.263672],[-60.971045,9.215186],[-61.023145,9.15459],[-61.053076,9.095117],[-61.053564,9.035254],[-61.092969,8.965771],[-61.098828,8.941309],[-61.122363,8.843359],[-61.175879,8.725391],[-61.247266,8.600342],[-61.618701,8.597461],[-61.526904,8.546143],[-61.442578,8.508691],[-61.304004,8.4104],[-61.19375,8.487598],[-61.035986,8.493115],[-60.865234,8.578809],[-60.800977,8.592139],[-60.481494,8.547266],[-60.404492,8.610254],[-60.340234,8.62876],[-60.16748,8.616992],[-60.017529,8.549316],[-59.980615,8.532617],[-59.836523,8.373828],[-59.756738,8.339502],[-59.739941,8.338721],[-59.739307,8.37998],[-59.666113,8.362598],[-59.476904,8.254004],[-59.200244,8.074609],[-58.811572,7.735596],[-58.701074,7.606641],[-58.626611,7.545898],[-58.511084,7.398047],[-58.477295,7.325781],[-58.480566,7.038135],[-58.58291,6.843652],[-58.60791,6.697314],[-58.613477,6.502539],[-58.672949,6.390771],[-58.593994,6.451514],[-58.569482,6.627246],[-58.502295,6.733984],[-58.41499,6.851172],[-58.298437,6.879297],[-58.172852,6.829395],[-58.071777,6.820605],[-57.982568,6.785889],[-57.792871,6.598535],[-57.607568,6.450391],[-57.540137,6.331543],[-57.343652,6.272119],[-57.227539,6.178418],[-57.190234,6.097314],[-57.167236,5.88501],[-57.205273,5.5646],[-57.194775,5.548437],[-57.182129,5.528906],[-57.14082,5.643799],[-57.136035,5.737207],[-57.10459,5.829395],[-57.056641,5.938672],[-56.969824,5.992871],[-56.466016,5.937744],[-56.235596,5.885352],[-55.939551,5.795459],[-55.897607,5.699316],[-55.895508,5.795459],[-55.909912,5.892627],[-55.828174,5.96167],[-55.64834,5.985889],[-55.379297,5.952637],[-55.148291,5.993457],[-54.833691,5.98833],[-54.356152,5.909863],[-54.142334,5.856348],[-54.054199,5.80791],[-54.037402,5.720508],[-54.045947,5.608887],[-54.080469,5.502246],[-54.155957,5.358984],[-54.085303,5.411816],[-53.9896,5.676025],[-53.919922,5.768994],[-53.847168,5.782227],[-53.454443,5.563477],[-53.270361,5.543262],[-52.899316,5.425049],[-52.76499,5.273486],[-52.453955,5.021338],[-52.290527,4.942187],[-52.288916,4.876123],[-52.324609,4.770898],[-52.219971,4.862793],[-52.058105,4.717383],[-52.012305,4.645996],[-51.961914,4.514404],[-51.979346,4.429883],[-52.001709,4.38623],[-52.00293,4.352295],[-51.954785,4.399072],[-51.927686,4.436133],[-51.91958,4.524316],[-51.880273,4.63374],[-51.827539,4.635693],[-51.785645,4.570508],[-51.698633,4.286816],[-51.66582,4.228809],[-51.653271,4.13877],[-51.658105,4.098486],[-51.652539,4.061279],[-51.557812,4.233789],[-51.54707,4.310889],[-51.461523,4.31377],[-51.3271,4.224756],[-51.219922,4.093604],[-51.07627,3.67168],[-51.052393,3.281836],[-50.994141,3.077539],[-50.827197,2.651855],[-50.816504,2.573047],[-50.789697,2.477783],[-50.736963,2.376758],[-50.67876,2.210352],[-50.676562,2.179443],[-50.714404,2.134033],[-50.658936,2.130957],[-50.608691,2.104102],[-50.575879,1.998584],[-50.534424,1.927246],[-50.458887,1.82959],[-50.304297,1.797656],[-50.187598,1.785986],[-50.054688,1.730713],[-49.957129,1.659863],[-49.881592,1.419922],[-49.90625,1.269043],[-49.898877,1.162988],[-49.937939,1.121436],[-50.047217,1.051953],[-50.070996,1.015088],[-50.294434,0.835742],[-50.343262,0.751025],[-50.462988,0.637305],[-50.581543,0.420508],[-50.755078,0.222559],[-50.816357,0.172559],[-50.910156,0.160986],[-50.96709,0.130273],[-51.101953,-0.03125],[-51.28291,-0.085205],[-51.299561,-0.178809],[-51.40415,-0.392676],[-51.496289,-0.509473],[-51.555029,-0.549121],[-51.702637,-0.762305],[-51.721533,-0.855469],[-51.720605,-1.018457],[-51.819141,-1.117773],[-51.921631,-1.180859],[-51.934473,-1.320312],[-51.980811,-1.367969],[-52.020459,-1.399023],[-52.229248,-1.3625],[-52.553418,-1.514063],[-52.66416,-1.551758],[-52.310303,-1.55957],[-52.19668,-1.640137],[-51.947559,-1.586719],[-51.646289,-1.394336],[-51.531201,-1.354102],[-51.297363,-1.223535],[-51.202344,-1.136523],[-51.028955,-1.032129],[-50.992041,-0.986328],[-50.894922,-0.937598],[-50.842285,-0.999609],[-50.838184,-1.038867],[-50.917871,-1.115234],[-50.897168,-1.164453],[-50.84458,-1.22627],[-50.825537,-1.311426],[-50.818652,-1.37627],[-50.786133,-1.489941],[-50.678955,-1.643848],[-50.675293,-1.694727],[-50.690039,-1.761719],[-50.63877,-1.81709],[-50.585596,-1.849902],[-50.403223,-2.015527],[-50.260449,-1.922949],[-50.172705,-1.896191],[-50.116602,-1.85752],[-49.999219,-1.831836],[-49.902979,-1.870605],[-49.719531,-1.926367],[-49.585352,-1.867188],[-49.313672,-1.731738],[-49.398633,-1.971582],[-49.460156,-2.191504],[-49.506982,-2.280273],[-49.553369,-2.519922],[-49.599316,-2.583887],[-49.636523,-2.656934],[-49.575879,-2.631445],[-49.523926,-2.596875],[-49.45752,-2.50459],[-49.407666,-2.344336],[-49.211035,-1.916504],[-49.154785,-1.878516],[-48.991309,-1.829785],[-48.71001,-1.487695],[-48.6,-1.48877],[-48.52959,-1.56748],[-48.462939,-1.613965],[-48.44585,-1.52041],[-48.349805,-1.482129],[-48.451465,-1.43584],[-48.468066,-1.393848],[-48.477734,-1.323828],[-48.408594,-1.229199],[-48.449805,-1.145508],[-48.306494,-1.039844],[-48.317578,-0.960547],[-48.266455,-0.895117],[-48.201758,-0.82793],[-48.128467,-0.795215],[-48.115088,-0.7375],[-48.068848,-0.713672],[-48.032568,-0.705078],[-47.960938,-0.769629],[-47.883398,-0.693359],[-47.807666,-0.663477],[-47.77373,-0.676758],[-47.731494,-0.710449],[-47.687109,-0.724805],[-47.651074,-0.71875],[-47.557324,-0.669922],[-47.470703,-0.748535],[-47.418652,-0.765918],[-47.43291,-0.721875],[-47.460352,-0.680957],[-47.439063,-0.647656],[-47.398096,-0.62666],[-47.268604,-0.64541],[-47.200537,-0.680469],[-47.126904,-0.74541],[-47.024609,-0.750195],[-46.944336,-0.743359],[-46.893652,-0.779883],[-46.81123,-0.779688],[-46.769922,-0.836523],[-46.644434,-0.916406],[-46.617236,-0.970605],[-46.516309,-0.996875],[-46.421729,-1.030078],[-46.32085,-1.03916],[-46.219141,-1.03125],[-46.21499,-1.099805],[-46.140381,-1.118359],[-46.044629,-1.103027],[-45.972266,-1.187402],[-45.778809,-1.250781],[-45.644775,-1.347852],[-45.556934,-1.330664],[-45.458594,-1.35625],[-45.353027,-1.567383],[-45.32915,-1.717285],[-45.282129,-1.696582],[-45.238574,-1.629492],[-45.18208,-1.507031],[-45.076367,-1.466406],[-45.025781,-1.513477],[-44.919775,-1.588867],[-44.828369,-1.67168],[-44.789844,-1.724805],[-44.721143,-1.733496],[-44.778516,-1.798828],[-44.720947,-1.792285],[-44.65127,-1.745801],[-44.59165,-1.841797],[-44.546777,-1.946289],[-44.537793,-2.052734],[-44.580029,-2.113867],[-44.617285,-2.152148],[-44.658643,-2.227539],[-44.70752,-2.241113],[-44.756348,-2.265527],[-44.700635,-2.32041],[-44.662402,-2.373242],[-44.579004,-2.230469],[-44.520361,-2.190332],[-44.435449,-2.168066],[-44.391309,-2.269629],[-44.381836,-2.365527],[-44.520117,-2.405469],[-44.520654,-2.48125],[-44.562012,-2.524219],[-44.589014,-2.573438],[-44.610791,-2.676855],[-44.638965,-2.7625],[-44.721387,-3.142285],[-44.723047,-3.204785],[-44.622656,-3.137891],[-44.437549,-2.944434],[-44.381152,-2.738379],[-44.308154,-2.535156],[-44.228613,-2.471289],[-44.179395,-2.471191],[-44.105566,-2.493457],[-44.101367,-2.560059],[-44.112646,-2.598535],[-44.191602,-2.699609],[-44.225195,-2.75498],[-44.192676,-2.80957],[-44.013232,-2.642188],[-43.93291,-2.583496],[-43.864453,-2.59541],[-43.728613,-2.518164],[-43.455127,-2.502051],[-43.434619,-2.413672],[-43.380078,-2.376074],[-43.229687,-2.386035],[-42.936719,-2.465039],[-42.832275,-2.52959],[-42.675879,-2.589648],[-42.593555,-2.661035],[-42.249609,-2.791992],[-41.999854,-2.806055],[-41.876172,-2.746582],[-41.721875,-2.808887],[-41.640137,-2.878613],[-41.479932,-2.916504],[-41.318213,-2.93623],[-41.194531,-2.886133],[-40.875586,-2.869629],[-40.474561,-2.795605],[-40.235352,-2.813184],[-39.964697,-2.861523],[-39.771826,-2.98584],[-39.609424,-3.05625],[-39.511182,-3.125586],[-39.352686,-3.197363],[-39.014355,-3.390234],[-38.895996,-3.501758],[-38.68623,-3.653711],[-38.475781,-3.71748],[-38.361914,-3.876465],[-38.271875,-3.948047],[-38.048828,-4.216406],[-37.795654,-4.404297],[-37.626318,-4.59209],[-37.301465,-4.713086],[-37.174658,-4.912402],[-36.954883,-4.936719],[-36.861133,-4.966602],[-36.747363,-5.050684],[-36.590723,-5.097559],[-36.386719,-5.084277],[-36.161768,-5.09375],[-35.979883,-5.054395],[-35.549414,-5.129395],[-35.481689,-5.166016],[-35.392578,-5.250879],[-35.235449,-5.566699],[-35.141748,-5.917188],[-35.095459,-6.185352],[-34.988184,-6.39375],[-34.92959,-6.785059],[-34.879883,-6.908203],[-34.875977,-7.00293],[-34.833887,-7.024414],[-34.805469,-7.288379],[-34.816602,-7.394824],[-34.857764,-7.533301],[-34.86084,-7.59502],[-34.854785,-7.634277],[-34.872998,-7.69209],[-34.878613,-7.747461],[-34.836914,-7.871777],[-34.834668,-7.971484],[-34.890527,-8.092188],[-34.96665,-8.407617],[-35.157764,-8.930566],[-35.340869,-9.230664],[-35.59707,-9.540625],[-35.763965,-9.702539],[-35.830127,-9.719043],[-35.89082,-9.687012],[-35.847754,-9.772461],[-35.885449,-9.847656],[-36.05498,-10.075781],[-36.223535,-10.225098],[-36.39834,-10.484082],[-36.411621,-10.489941],[-36.635742,-10.589941],[-36.768311,-10.67168],[-36.937793,-10.82041],[-37.093359,-11.054785],[-37.125488,-11.084961],[-37.182812,-11.068457],[-37.181201,-11.1875],[-37.315137,-11.375977],[-37.356006,-11.403906],[-37.354883,-11.350488],[-37.331641,-11.309863],[-37.320801,-11.266602],[-37.321777,-11.215137],[-37.359229,-11.252539],[-37.438477,-11.39375],[-37.411816,-11.497266],[-37.469336,-11.653613],[-37.688721,-12.1],[-37.957324,-12.475488],[-38.019238,-12.591309],[-38.239746,-12.844238],[-38.401758,-12.966211],[-38.447314,-12.96709],[-38.498926,-12.956641],[-38.524902,-12.762305],[-38.654004,-12.644629],[-38.690967,-12.623926],[-38.743896,-12.748535],[-38.787988,-12.782715],[-38.851758,-12.790137],[-38.783594,-12.844434],[-38.763721,-12.907227],[-38.833154,-13.03291],[-38.835303,-13.147168],[-38.95918,-13.273047],[-39.030908,-13.365137],[-39.067383,-13.480469],[-39.089355,-13.588184],[-39.034912,-13.558789],[-39.009082,-13.581445],[-38.988623,-13.615039],[-39.001221,-13.664551],[-39.041113,-13.758105],[-39.034912,-13.991016],[-39.048145,-14.043945],[-39.008496,-14.101172],[-38.966504,-14.003418],[-38.942334,-14.030664],[-39.05957,-14.654785],[-39.013379,-14.935645],[-38.996191,-15.253809],[-38.943213,-15.564355],[-38.885254,-15.841992],[-38.880615,-15.864258],[-38.960791,-16.186523],[-39.063232,-16.504395],[-39.125049,-16.763574],[-39.163965,-17.043555],[-39.202881,-17.178125],[-39.215234,-17.31582],[-39.170605,-17.64209],[-39.154004,-17.703906],[-39.278369,-17.849414],[-39.412598,-17.92002],[-39.486768,-17.990137],[-39.650781,-18.252344],[-39.739795,-18.639844],[-39.741943,-18.845996],[-39.699854,-19.277832],[-39.731445,-19.453906],[-39.783301,-19.571777],[-39.844727,-19.649121],[-40.001367,-19.741992],[-40.141699,-19.968262],[-40.202734,-20.206055],[-40.298877,-20.292676],[-40.318555,-20.425781],[-40.395947,-20.569434],[-40.596582,-20.783789],[-40.727051,-20.846191],[-40.789258,-20.906055],[-40.82876,-21.031348],[-40.954541,-21.237891],[-41.047266,-21.505664],[-41.023145,-21.596875],[-41.021582,-21.61084],[-40.987842,-21.920313],[-41.000293,-21.999023],[-41.12251,-22.084375],[-41.58291,-22.243652],[-41.705518,-22.309668],[-41.98042,-22.580664],[-41.997559,-22.644629],[-41.986133,-22.73584],[-41.940918,-22.788281],[-41.9875,-22.845117],[-42.042383,-22.94707],[-42.122461,-22.94082],[-42.581055,-22.941016],[-42.829297,-22.97334],[-42.958301,-22.96709],[-43.016211,-22.942578],[-43.081152,-22.902539],[-43.100684,-22.850098],[-43.06543,-22.770703],[-43.086279,-22.72334],[-43.154297,-22.725195],[-43.229004,-22.747656],[-43.241943,-22.795117],[-43.236621,-22.828809],[-43.208838,-22.878125],[-43.193604,-22.938574],[-43.22417,-22.991211],[-43.369482,-22.998047],[-43.532813,-23.046387],[-43.736523,-23.066602],[-43.898828,-23.101465],[-43.973828,-23.057324],[-43.898828,-23.035254],[-43.791406,-23.045996],[-43.675977,-23.009473],[-43.70293,-22.966309],[-43.866162,-22.910547],[-44.047461,-22.944727],[-44.147998,-23.011035],[-44.36792,-23.00498],[-44.637256,-23.055469],[-44.681152,-23.106934],[-44.673828,-23.206641],[-44.621094,-23.228516],[-44.569678,-23.274023],[-44.619092,-23.316406],[-44.667187,-23.335156],[-44.95166,-23.381445],[-45.21543,-23.575586],[-45.325391,-23.599707],[-45.423291,-23.685352],[-45.433398,-23.758496],[-45.464307,-23.802539],[-45.5271,-23.804785],[-45.664648,-23.764844],[-45.843164,-23.763672],[-45.97207,-23.795508],[-46.630762,-24.110352],[-46.867285,-24.236328],[-47.137207,-24.493164],[-47.592187,-24.781055],[-47.831152,-24.95293],[-47.876563,-24.997461],[-47.914307,-24.999902],[-47.98916,-25.035742],[-47.959375,-25.06543],[-47.90835,-25.068164],[-47.929395,-25.168262],[-48.024365,-25.236719],[-48.202734,-25.416504],[-48.242432,-25.40332],[-48.185937,-25.309863],[-48.273486,-25.306348],[-48.40249,-25.27207],[-48.458496,-25.310742],[-48.427637,-25.40332],[-48.476123,-25.442969],[-48.56416,-25.447461],[-48.643994,-25.436523],[-48.731738,-25.36875],[-48.692187,-25.491504],[-48.507031,-25.521289],[-48.429883,-25.550195],[-48.401172,-25.597363],[-48.545166,-25.815918],[-48.665771,-25.844336],[-48.679004,-25.875195],[-48.612842,-25.875],[-48.576318,-25.935449],[-48.619434,-26.179395],[-48.679004,-26.225781],[-48.71377,-26.226953],[-48.748291,-26.268652],[-48.700684,-26.34834],[-48.651611,-26.406445],[-48.658154,-26.519141],[-48.676514,-26.612402],[-48.677734,-26.70293],[-48.615674,-26.878125],[-48.593408,-27.058008],[-48.568359,-27.123438],[-48.55415,-27.195996],[-48.595508,-27.263867],[-48.571973,-27.372754],[-48.642578,-27.55791],[-48.605664,-27.825195],[-48.620801,-28.075586],[-48.648438,-28.207227],[-48.693213,-28.310156],[-48.797266,-28.442676],[-48.799658,-28.575293],[-49.023584,-28.698633],[-49.271289,-28.871191],[-49.499902,-29.075391],[-49.745996,-29.363184],[-50.03335,-29.800977],[-50.299512,-30.425781],[-50.619971,-30.897656],[-50.748145,-31.068066],[-50.921387,-31.258398],[-51.151758,-31.480371],[-51.4604,-31.702441],[-51.798145,-31.900293],[-51.920215,-31.989551],[-52.039209,-32.114844],[-52.068945,-32.063086],[-52.043164,-31.977539],[-52.05957,-31.913477],[-52.063232,-31.830371],[-51.995117,-31.815039],[-51.893164,-31.867773],[-51.841211,-31.832031],[-51.803418,-31.79668],[-51.680664,-31.774609],[-51.446191,-31.557324],[-51.272168,-31.476953],[-51.174316,-31.339746],[-51.15752,-31.266797],[-51.161426,-31.118848],[-51.105957,-31.081348],[-50.980078,-31.094238],[-50.954395,-31.052148],[-50.965332,-31.005469],[-50.94082,-30.903711],[-50.770166,-30.813379],[-50.689307,-30.704199],[-50.716309,-30.425977],[-50.685059,-30.413477],[-50.614844,-30.456836],[-50.581934,-30.438867],[-50.546533,-30.316895],[-50.563525,-30.253613],[-50.646191,-30.236816],[-50.931885,-30.374316],[-51.024951,-30.368652],[-51.040381,-30.260645],[-51.179297,-30.211035],[-51.233594,-30.121387],[-51.249854,-30.059961],[-51.298047,-30.034863],[-51.29502,-30.141016],[-51.281787,-30.244141],[-51.157275,-30.364258],[-51.187549,-30.411914],[-51.246582,-30.467578],[-51.287695,-30.591211],[-51.283057,-30.751563],[-51.316406,-30.702734],[-51.359082,-30.674512],[-51.376465,-30.846875],[-51.459131,-30.912793],[-51.485254,-30.977539],[-51.463672,-31.052637],[-51.506299,-31.104492],[-51.716895,-31.24375],[-51.926807,-31.338867],[-51.972461,-31.383789],[-51.994873,-31.489941],[-52.026953,-31.599023],[-52.119824,-31.694922],[-52.193555,-31.885547],[-52.191553,-31.967578],[-52.16709,-32.088477],[-52.127393,-32.167773],[-52.190186,-32.220801],[-52.274609,-32.32373],[-52.34165,-32.439746],[-52.508496,-32.875293],[-52.652246,-33.137793],[-52.762891,-33.266406],[-52.92085,-33.401953],[-53.370605,-33.742188],[-53.41958,-33.779199],[-53.472461,-33.849316],[-53.534521,-34.01748],[-53.74292,-34.249512],[-53.785303,-34.380371],[-54.010254,-34.516992],[-54.168555,-34.670703],[-54.272119,-34.666895],[-54.365332,-34.732715],[-54.902295,-34.932813],[-55.095117,-34.895117],[-55.237891,-34.895801],[-55.370605,-34.807617],[-55.673145,-34.775684],[-55.862939,-34.810938],[-56.11792,-34.90791],[-56.194629,-34.906445],[-56.249951,-34.90127],[-56.387842,-34.861035],[-56.463086,-34.775391],[-56.855176,-34.67666],[-57.170703,-34.452344],[-57.543457,-34.448047],[-57.829102,-34.477344],[-57.873242,-34.447656],[-57.902148,-34.390137],[-57.96123,-34.306934],[-58.207031,-34.109082],[-58.400195,-33.912402],[-58.438135,-33.719141],[-58.411328,-33.508887],[-58.353369,-33.260059],[-58.363525,-33.182324],[-58.292187,-33.137988],[-58.221582,-33.129102],[-58.153564,-33.064648],[-58.092676,-32.967383],[-58.082324,-32.893652],[-58.12959,-32.757227],[-58.162207,-32.566504],[-58.201172,-32.47168],[-58.219971,-32.563965],[-58.170996,-32.959277],[-58.200781,-33.014648],[-58.250391,-33.07832],[-58.308887,-33.08291],[-58.375977,-33.071875],[-58.424463,-33.111523],[-58.454834,-33.285938],[-58.547217,-33.663477],[-58.530566,-33.753027],[-58.456592,-33.89834],[-58.429492,-33.990918],[-58.409033,-34.060742],[-58.39248,-34.192969],[-58.435498,-34.252539],[-58.475244,-34.262988],[-58.525488,-34.296191],[-58.466211,-34.457422],[-58.418945,-34.531641],[-58.28335,-34.683496],[-57.763574,-34.894531],[-57.547852,-35.018945],[-57.303662,-35.188477],[-57.170654,-35.3625],[-57.158887,-35.505957],[-57.353906,-35.720313],[-57.375488,-35.900293],[-57.335449,-36.026758],[-57.26499,-36.144141],[-57.076172,-36.296777],[-56.937158,-36.352539],[-56.749463,-36.346484],[-56.717383,-36.389063],[-56.698096,-36.426465],[-56.668262,-36.735254],[-56.672021,-36.85127],[-56.727148,-36.957715],[-57.087695,-37.446387],[-57.395752,-37.744629],[-57.507275,-37.909277],[-57.546973,-38.085645],[-57.645605,-38.169629],[-58.179199,-38.43584],[-59.007227,-38.67334],[-59.67627,-38.79668],[-59.82832,-38.838184],[-60.903955,-38.973926],[-61.112207,-38.992969],[-61.382861,-38.980859],[-61.602539,-38.998828],[-61.8479,-38.961816],[-62.066895,-38.919141],[-62.189258,-38.813281],[-62.334766,-38.800098],[-62.374463,-38.85293],[-62.303613,-38.988086],[-62.338086,-39.150586],[-62.295068,-39.243262],[-62.209082,-39.261816],[-62.126465,-39.309766],[-62.053662,-39.373828],[-62.179346,-39.380469],[-62.130566,-39.431543],[-62.076807,-39.461523],[-62.082764,-39.568359],[-62.131543,-39.825391],[-62.253955,-39.880469],[-62.286914,-39.895313],[-62.323975,-39.950684],[-62.401855,-40.196582],[-62.427002,-40.355957],[-62.393604,-40.458789],[-62.246338,-40.674609],[-62.301855,-40.814648],[-62.39502,-40.89082],[-62.797998,-41.047168],[-62.959033,-41.109668],[-63.212842,-41.152441],[-63.621777,-41.159766],[-63.772998,-41.15],[-64.123193,-41.007812],[-64.383447,-40.922461],[-64.621484,-40.854492],[-64.852979,-40.81377],[-64.819873,-40.793262],[-64.804395,-40.756543],[-64.869482,-40.73584],[-64.916895,-40.731348],[-65.069434,-40.805273],[-65.133398,-40.880664],[-65.151855,-40.946973],[-65.15498,-41.105664],[-65.127881,-41.23877],[-65.018262,-41.566895],[-65.007031,-41.745117],[-65.059082,-41.969922],[-64.986377,-42.102051],[-64.898047,-42.161816],[-64.699512,-42.220801],[-64.622461,-42.261035],[-64.537744,-42.25459],[-64.511719,-42.270215],[-64.524219,-42.299219],[-64.574121,-42.355957],[-64.570996,-42.416016],[-64.42041,-42.433789],[-64.2646,-42.42168],[-64.100879,-42.395117],[-64.062207,-42.353418],[-64.061182,-42.266113],[-64.25293,-42.250781],[-64.228516,-42.218262],[-64.083252,-42.182813],[-63.892871,-42.124609],[-63.795557,-42.113867],[-63.729492,-42.15293],[-63.684766,-42.188672],[-63.629883,-42.282715],[-63.595898,-42.406543],[-63.594434,-42.555566],[-63.617334,-42.695801],[-63.644482,-42.745703],[-63.69248,-42.805273],[-64.034766,-42.88125],[-64.130664,-42.861426],[-64.219922,-42.755566],[-64.247949,-42.646094],[-64.324268,-42.572266],[-64.487842,-42.513477],[-64.650488,-42.531445],[-64.811963,-42.633203],[-64.970703,-42.666309],[-65.026904,-42.758887],[-64.629199,-42.908984],[-64.441553,-42.950684],[-64.380371,-42.949219],[-64.319141,-42.968945],[-64.375684,-43.024609],[-64.432227,-43.05918],[-64.715234,-43.135547],[-64.839941,-43.188867],[-64.985547,-43.293555],[-65.189746,-43.52207],[-65.252344,-43.571875],[-65.283594,-43.62998],[-65.304688,-43.7875],[-65.238574,-44.04873],[-65.308398,-44.158203],[-65.265527,-44.279687],[-65.289844,-44.360742],[-65.361279,-44.477344],[-65.647607,-44.661426],[-65.69834,-44.796191],[-65.599121,-44.875586],[-65.605713,-44.94502],[-65.63877,-45.007812],[-65.757715,-45.007129],[-66.190137,-44.964746],[-66.347754,-45.033594],[-66.493604,-45.117578],[-66.533447,-45.157813],[-66.585059,-45.18291],[-66.882471,-45.227637],[-66.941406,-45.257324],[-67.257617,-45.577246],[-67.393018,-45.775586],[-67.556641,-45.970117],[-67.599561,-46.052539],[-67.608887,-46.166797],[-67.586084,-46.269531],[-67.563379,-46.34541],[-67.506445,-46.442773],[-67.386621,-46.553809],[-66.776855,-47.005859],[-66.650391,-47.045312],[-65.998535,-47.09375],[-65.853662,-47.156738],[-65.769092,-47.256738],[-65.738086,-47.344922],[-65.775391,-47.568359],[-65.814307,-47.638184],[-65.886328,-47.701562],[-66.040625,-47.783301],[-66.225244,-47.826758],[-66.172363,-47.857617],[-66.097363,-47.853223],[-65.934229,-47.826758],[-65.863672,-47.853223],[-65.810059,-47.941113],[-65.912158,-47.976758],[-65.943408,-48.019336],[-66.017187,-48.084277],[-66.393359,-48.342383],[-66.596289,-48.419531],[-66.782812,-48.522949],[-67.033105,-48.627734],[-67.130957,-48.687891],[-67.26333,-48.814258],[-67.466309,-48.951758],[-67.684863,-49.24668],[-67.693701,-49.304004],[-67.661963,-49.342187],[-67.783496,-49.858887],[-67.825977,-49.919629],[-67.913965,-49.984473],[-68.145654,-50.091406],[-68.257227,-50.10459],[-68.404639,-50.042676],[-68.487891,-49.97793],[-68.569287,-49.866992],[-68.667578,-49.752539],[-68.672656,-49.793457],[-68.638477,-49.862988],[-68.661621,-49.935742],[-68.912988,-49.96875],[-68.97959,-50.003027],[-68.752686,-49.987695],[-68.597949,-50.009473],[-68.532568,-50.036133],[-68.47373,-50.091406],[-68.421875,-50.15791],[-68.46543,-50.194727],[-68.589355,-50.225195],[-68.749854,-50.281152],[-68.939453,-50.382324],[-69.044775,-50.499121],[-69.090186,-50.583105],[-69.141406,-50.752539],[-69.15498,-50.864453],[-69.235156,-50.950586],[-69.358594,-51.028125],[-69.351758,-51.045801],[-69.267969,-51.006152],[-69.201025,-50.993652],[-69.143506,-51.096973],[-69.065723,-51.303516],[-69.02959,-51.446484],[-69.035303,-51.488965],[-69.058301,-51.547168],[-69.218066,-51.56123],[-69.360547,-51.559473],[-69.46543,-51.584473],[-69.409082,-51.610254],[-69.313037,-51.601074],[-69.180127,-51.662305],[-69.03252,-51.63623],[-68.965332,-51.677148],[-68.916797,-51.714648],[-68.69082,-52.013086],[-68.493506,-52.197559],[-68.39375,-52.307031],[-68.443359,-52.356641],[-69.007227,-52.262695],[-69.133789,-52.211426],[-69.241016,-52.205469],[-69.446875,-52.269434],[-69.560596,-52.421582],[-69.620312,-52.464746],[-69.76333,-52.505566],[-69.907227,-52.513574],[-70.390967,-52.66084],[-70.562939,-52.673438],[-70.680322,-52.7125],[-70.795117,-52.76875],[-70.839062,-52.889551],[-70.821191,-52.963086],[-70.952051,-53.226953],[-70.984326,-53.373633],[-70.985107,-53.44834],[-70.947803,-53.57041],[-70.99585,-53.779297],[-71.082812,-53.825],[-71.297754,-53.883398],[-71.443896,-53.840918],[-71.693799,-53.803125],[-71.871875,-53.722656],[-72.100928,-53.66582],[-72.174414,-53.632324],[-72.376807,-53.471191],[-72.398242,-53.417773],[-72.412891,-53.350195],[-72.306055,-53.253711],[-72.248633,-53.24668],[-72.081152,-53.249609],[-71.941699,-53.234082],[-71.852734,-53.285742],[-71.828223,-53.39834],[-71.867334,-53.458398],[-71.902783,-53.495508],[-71.891699,-53.523535],[-71.791455,-53.48457],[-71.740527,-53.232617],[-71.400342,-53.107031],[-71.288965,-53.033691],[-71.180225,-52.920508],[-71.163281,-52.888086],[-71.155078,-52.845605],[-71.227148,-52.810645],[-71.387744,-52.764258],[-71.897998,-53.001758],[-72.129102,-53.064355],[-72.278027,-53.132324],[-72.458301,-53.254492],[-72.492578,-53.290625],[-72.530811,-53.37168],[-72.548926,-53.460742],[-72.726807,-53.42002],[-72.998389,-53.290723],[-73.052734,-53.243457],[-72.998242,-53.177246],[-72.915527,-53.121973],[-72.909912,-52.936523],[-72.88916,-52.871582],[-72.831885,-52.819531],[-72.727686,-52.762305],[-72.675977,-52.749023],[-72.63208,-52.773828],[-72.626611,-52.817578],[-72.453467,-52.814453],[-72.117578,-52.65],[-71.979297,-52.646094],[-71.79707,-52.682813],[-71.591211,-52.660742],[-71.55415,-52.643945],[-71.511279,-52.605371],[-71.664746,-52.560059],[-71.811914,-52.537012],[-72.225684,-52.520996],[-72.315381,-52.538574],[-72.437695,-52.625781],[-72.478271,-52.604004],[-72.504395,-52.560059],[-72.644824,-52.529102],[-72.712109,-52.535547],[-72.776562,-52.577441],[-72.766016,-52.642578],[-72.801904,-52.712402],[-72.931885,-52.781641],[-73.020264,-52.891797],[-73.016113,-52.977441],[-73.022998,-53.02207],[-73.055469,-53.045605],[-73.122461,-53.073926],[-73.338184,-53.054688],[-73.459863,-52.964844],[-73.50752,-52.903516],[-73.645215,-52.837012],[-73.345947,-52.754297],[-73.24082,-52.707129],[-73.144824,-52.601953],[-73.073193,-52.535059],[-73.123926,-52.487988],[-73.183789,-52.487891],[-73.178174,-52.562695],[-73.244141,-52.624023],[-73.382129,-52.595117],[-73.585693,-52.685742],[-73.71084,-52.661523],[-73.914697,-52.688184],[-74.014453,-52.639355],[-74.03584,-52.577246],[-73.999902,-52.512598],[-74.037354,-52.40293],[-74.093506,-52.37627],[-74.15083,-52.38252],[-74.176562,-52.317188],[-74.238477,-52.202344],[-74.265967,-52.171289],[-74.295654,-52.117871],[-74.264941,-52.104883],[-74.194922,-52.120215],[-74.133545,-52.154785],[-74.040234,-52.15918],[-73.834473,-52.233984],[-73.749121,-52.216016],[-73.702783,-52.198828],[-73.6854,-52.136719],[-73.684326,-52.077734],[-73.649023,-52.077734],[-73.532227,-52.153125],[-73.457959,-52.145996],[-73.326758,-52.165918],[-73.260449,-52.157813],[-73.137354,-52.129688],[-72.943701,-52.046875],[-72.843213,-51.961133],[-72.79502,-51.949512],[-72.7354,-51.960547],[-72.695459,-51.985156],[-72.694824,-52.044727],[-72.649561,-52.099902],[-72.587988,-52.145117],[-72.57085,-52.200098],[-72.583447,-52.254199],[-72.693604,-52.330273],[-72.714014,-52.356738],[-72.677051,-52.384668],[-72.631494,-52.371582],[-72.568701,-52.333984],[-72.53291,-52.282324],[-72.52334,-52.255469],[-72.519336,-52.21709],[-72.524121,-52.170312],[-72.613574,-52.037012],[-72.624756,-52.006934],[-72.624609,-51.946484],[-72.522852,-51.890918],[-72.494141,-51.847559],[-72.489648,-51.763672],[-72.542529,-51.706152],[-72.76123,-51.573242],[-73.126758,-51.439941],[-73.16875,-51.453906],[-73.197021,-51.478027],[-73.163379,-51.495605],[-73.11499,-51.504492],[-72.789355,-51.614258],[-72.70459,-51.67793],[-72.649072,-51.69502],[-72.583301,-51.737305],[-72.600049,-51.799121],[-72.928369,-51.859863],[-73.188672,-51.990625],[-73.383252,-52.07002],[-73.518164,-52.041016],[-73.582324,-51.960352],[-73.650293,-51.85625],[-73.752637,-51.795508],[-73.810645,-51.801172],[-73.857568,-51.789941],[-73.894434,-51.757812],[-73.973242,-51.784473],[-74.146436,-51.712109],[-74.19668,-51.680566],[-74.06958,-51.578711],[-73.929785,-51.617871],[-73.895898,-51.331445],[-73.939502,-51.266309],[-74.12124,-51.19541],[-74.210498,-51.20459],[-74.332324,-51.19502],[-74.414355,-51.1625],[-74.507861,-51.149609],[-74.586865,-51.130664],[-74.690088,-51.086523],[-74.814746,-51.062891],[-74.983105,-50.881055],[-75.055322,-50.785547],[-75.094678,-50.68125],[-74.836621,-50.678906],[-74.685742,-50.662012],[-74.648926,-50.618457],[-74.702051,-50.535352],[-74.775879,-50.469922],[-74.72168,-50.408496],[-74.644482,-50.360938],[-74.564111,-50.382031],[-74.365576,-50.487891],[-74.331445,-50.55957],[-74.190186,-50.778027],[-74.156104,-50.797461],[-74.139404,-50.817773],[-73.847461,-50.940039],[-73.806543,-50.938379],[-73.824609,-50.83584],[-73.740576,-50.69668],[-73.659033,-50.650684],[-73.618164,-50.651172],[-73.613965,-50.62793],[-73.693262,-50.57002],[-73.654443,-50.492676],[-73.679932,-50.490234],[-73.750195,-50.539844],[-73.891504,-50.782715],[-73.978027,-50.827051],[-74.096729,-50.71709],[-74.164111,-50.637891],[-74.197217,-50.609766],[-74.185596,-50.485352],[-73.950342,-50.510547],[-74.031055,-50.469824],[-74.305566,-50.398047],[-74.374121,-50.362988],[-74.425098,-50.350195],[-74.516406,-50.265625],[-74.62959,-50.194043],[-74.434326,-50.065234],[-74.33374,-49.974609],[-74.019434,-50.022754],[-73.958594,-49.994727],[-74.01123,-49.928516],[-74.073291,-49.948535],[-74.171338,-49.907324],[-74.323926,-49.783398],[-74.31875,-49.720117],[-74.29082,-49.604102],[-74.230371,-49.579297],[-74.102002,-49.555371],[-73.955518,-49.593066],[-73.891553,-49.62373],[-73.836377,-49.609375],[-73.89248,-49.523438],[-73.988037,-49.490918],[-74.094434,-49.429688],[-74.083496,-49.361816],[-74.049219,-49.305664],[-74.023438,-49.244141],[-74.005615,-49.158008],[-74.015381,-49.090918],[-73.984766,-49.059961],[-73.937891,-49.046094],[-73.934961,-49.020898],[-74.027734,-49.026172],[-74.061328,-49.111035],[-74.073877,-49.188379],[-74.139795,-49.250488],[-74.167871,-49.320508],[-74.18457,-49.404395],[-74.221289,-49.500586],[-74.301514,-49.463965],[-74.348535,-49.42627],[-74.366553,-49.400488],[-74.358154,-49.351367],[-74.37998,-49.047852],[-74.382129,-48.793652],[-74.341016,-48.595703],[-74.227686,-48.516992],[-74.176221,-48.494141],[-74.129297,-48.504199],[-74.056934,-48.503613],[-74.009082,-48.475],[-74.171533,-48.427441],[-74.270068,-48.45459],[-74.342969,-48.492578],[-74.474414,-48.463965],[-74.499414,-48.362305],[-74.577197,-48.274414],[-74.590723,-48.161914],[-74.584668,-47.999023],[-74.400488,-48.013086],[-74.250439,-48.044922],[-73.853809,-48.042188],[-73.528174,-48.198242],[-73.384473,-48.177344],[-73.391064,-48.145898],[-73.500977,-48.106641],[-73.56958,-48.019336],[-73.609912,-47.993945],[-73.628906,-47.941504],[-73.635107,-47.880371],[-73.715869,-47.655469],[-73.748242,-47.661328],[-73.779248,-47.738477],[-73.84668,-47.866992],[-73.940869,-47.929395],[-74.084766,-47.954688],[-74.227051,-47.968945],[-74.350586,-47.944336],[-74.379346,-47.891211],[-74.376221,-47.829688],[-74.429688,-47.799609],[-74.569238,-47.772949],[-74.608887,-47.758008],[-74.654932,-47.702246],[-74.588428,-47.617969],[-74.533789,-47.567676],[-74.466895,-47.577637],[-74.403564,-47.600391],[-74.322559,-47.666699],[-74.242969,-47.679297],[-74.151953,-47.62666],[-74.134082,-47.59082],[-74.191016,-47.568359],[-74.24292,-47.559668],[-74.323682,-47.531445],[-74.482666,-47.430469],[-74.403271,-47.327539],[-74.215674,-47.20957],[-74.158398,-47.18252],[-74.208057,-47.083105],[-74.151904,-46.974414],[-74.209473,-46.884766],[-74.313574,-46.788184],[-74.454199,-46.766797],[-74.484424,-46.79502],[-74.489355,-46.83457],[-74.466992,-46.864355],[-74.480176,-46.88584],[-74.512256,-46.885156],[-74.69082,-46.863965],[-74.810645,-46.799707],[-75.005957,-46.741113],[-75.031445,-46.695312],[-75.052539,-46.628027],[-74.98418,-46.512109],[-75.01875,-46.510547],[-75.145752,-46.600098],[-75.337402,-46.64707],[-75.478418,-46.662402],[-75.540332,-46.69873],[-75.565088,-46.728711],[-75.527588,-46.746387],[-75.445996,-46.750781],[-75.386426,-46.862695],[-75.401221,-46.905664],[-75.430371,-46.93457],[-75.496631,-46.940137],[-75.635254,-46.862793],[-75.708105,-46.775],[-75.706396,-46.705273],[-75.656787,-46.610352],[-75.436914,-46.483008],[-75.376025,-46.429102],[-75.247021,-46.369336],[-75.074854,-46.23457],[-74.924463,-46.159668],[-74.997656,-46.097656],[-75.074512,-46.004492],[-75.066699,-45.874902],[-74.763135,-45.823633],[-74.630664,-45.844727],[-74.462793,-45.840723],[-74.369141,-45.809668],[-74.301172,-45.803027],[-74.157861,-45.767188],[-74.096191,-45.716797],[-74.081836,-45.67832],[-74.08252,-45.644727],[-74.099268,-45.603418],[-74.122705,-45.496191],[-74.098926,-45.460352],[-74.037549,-45.417676],[-73.957178,-45.404395],[-73.920312,-45.407715],[-73.825,-45.446875],[-73.844141,-45.502441],[-73.882324,-45.569336],[-73.960254,-45.835254],[-73.999512,-45.895313],[-74.061035,-45.947363],[-74.019922,-46.055859],[-74.081543,-46.131836],[-74.356787,-46.212695],[-74.392969,-46.217383],[-74.372461,-46.246289],[-74.213135,-46.239453],[-74.089746,-46.222363],[-73.967578,-46.154102],[-73.929199,-46.049902],[-73.878711,-45.846875],[-73.812549,-45.818164],[-73.735254,-45.811719],[-73.694873,-45.85957],[-73.70791,-45.966699],[-73.708154,-46.070312],[-73.810645,-46.377344],[-73.934814,-46.500684],[-73.948633,-46.533105],[-73.94375,-46.571582],[-73.845361,-46.566016],[-73.770264,-46.499805],[-73.716211,-46.415234],[-73.662061,-46.297461],[-73.668213,-46.212109],[-73.65166,-46.159277],[-73.629443,-45.986523],[-73.591846,-45.899121],[-73.594336,-45.776855],[-73.661963,-45.730762],[-73.756592,-45.702832],[-73.780371,-45.62793],[-73.730762,-45.47998],[-73.549902,-45.483789],[-73.378564,-45.382812],[-73.266211,-45.346191],[-73.202344,-45.353809],[-72.978174,-45.451172],[-72.933838,-45.452344],[-72.94082,-45.417285],[-72.975537,-45.392578],[-73.063867,-45.359766],[-73.226367,-45.255176],[-73.444971,-45.238184],[-73.404883,-45.102344],[-73.362451,-44.978223],[-73.256445,-44.961035],[-73.078418,-44.920215],[-72.738965,-44.73418],[-72.680078,-44.593945],[-72.663867,-44.436426],[-72.827539,-44.39541],[-73.001025,-44.292383],[-73.140967,-44.2375],[-73.265088,-44.168652],[-73.240723,-44.065723],[-73.224463,-43.897949],[-73.068799,-43.862012],[-72.996582,-43.631543],[-73.100977,-43.455176],[-73.075977,-43.323633],[-72.93999,-43.211328],[-72.915479,-43.133594],[-72.878027,-43.048145],[-72.758008,-43.039453],[-72.755371,-42.992969],[-72.766016,-42.908203],[-72.844971,-42.808008],[-72.848047,-42.669141],[-72.773926,-42.505176],[-72.654834,-42.516602],[-72.631836,-42.509668],[-72.716309,-42.410449],[-72.785156,-42.30127],[-72.773242,-42.257715],[-72.707373,-42.220508],[-72.631055,-42.199805],[-72.548437,-42.255762],[-72.430273,-42.433887],[-72.412354,-42.388184],[-72.460107,-42.206641],[-72.499414,-41.980859],[-72.623975,-42.010547],[-72.738184,-41.994629],[-72.781201,-41.95957],[-72.824072,-41.908789],[-72.783838,-41.846777],[-72.743701,-41.800586],[-72.659863,-41.74248],[-72.486035,-41.72207],[-72.3604,-41.649121],[-72.318262,-41.499023],[-72.359473,-41.513867],[-72.427734,-41.645898],[-72.542383,-41.690625],[-72.60083,-41.684082],[-72.669775,-41.659375],[-72.805127,-41.544336],[-72.87998,-41.517578],[-72.952832,-41.514746],[-73.01499,-41.543848],[-73.174072,-41.746582],[-73.241797,-41.780859],[-73.521289,-41.79707],[-73.624023,-41.773633],[-73.735156,-41.74248],[-73.721875,-41.69248],[-73.688086,-41.639258],[-73.625049,-41.611914],[-73.623926,-41.581348],[-73.710645,-41.573633],[-73.810742,-41.51748],[-73.855029,-41.446387],[-73.876172,-41.319336],[-73.965869,-41.118262],[-73.983594,-40.974316],[-73.920312,-40.871582],[-73.784033,-40.468457],[-73.74248,-40.262988],[-73.669434,-40.082324],[-73.670996,-39.963184],[-73.482227,-39.854297],[-73.4104,-39.78916],[-73.249902,-39.422363],[-73.226465,-39.224414],[-73.480762,-38.624023],[-73.520215,-38.509375],[-73.532568,-38.366797],[-73.471875,-38.130078],[-73.464795,-38.040332],[-73.516748,-37.910547],[-73.661816,-37.698535],[-73.6646,-37.59043],[-73.603418,-37.479102],[-73.662402,-37.341016],[-73.633643,-37.255469],[-73.60166,-37.188477],[-73.374561,-37.224316],[-73.271094,-37.207422],[-73.215967,-37.166895],[-73.172852,-37.053516],[-73.15127,-36.876172],[-73.137793,-36.799902],[-73.118066,-36.688379],[-73.006592,-36.643457],[-72.967822,-36.537793],[-72.874561,-36.39043],[-72.778418,-35.978516],[-72.683398,-35.876953],[-72.587354,-35.759668],[-72.623926,-35.585742],[-72.562061,-35.505371],[-72.505176,-35.446973],[-72.45498,-35.34082],[-72.386719,-35.24043],[-72.223779,-35.096191],[-72.182422,-34.920215],[-72.055957,-34.61582],[-72.030762,-34.420508],[-71.991504,-34.288477],[-72.002832,-34.165332],[-71.926855,-34.015625],[-71.853955,-33.889551],[-71.830957,-33.819531],[-71.664355,-33.652637],[-71.636279,-33.519238],[-71.695508,-33.429004],[-71.696582,-33.289062],[-71.742969,-33.095117],[-71.635547,-33.022559],[-71.592041,-32.969531],[-71.452246,-32.65957],[-71.461426,-32.537891],[-71.421289,-32.386816],[-71.513037,-32.20791],[-71.525879,-31.805859],[-71.577295,-31.496387],[-71.661963,-31.169531],[-71.653906,-30.986621],[-71.705664,-30.759277],[-71.708936,-30.628027],[-71.669482,-30.330371],[-71.400391,-30.142969],[-71.348047,-29.933203],[-71.315723,-29.649707],[-71.326709,-29.443164],[-71.353271,-29.350391],[-71.48584,-29.198242],[-71.519238,-28.926465],[-71.493604,-28.855273],[-71.384082,-28.778711],[-71.306738,-28.672461],[-71.266846,-28.50752],[-71.186426,-28.377832],[-71.154492,-28.064063],[-71.086523,-27.814453],[-71.052637,-27.727344],[-70.945801,-27.617871],[-70.925781,-27.588672],[-70.909277,-27.505176],[-70.914258,-27.30791],[-70.8979,-27.1875],[-70.812744,-26.950586],[-70.80293,-26.840918],[-70.708398,-26.596973],[-70.686963,-26.421777],[-70.646582,-26.329395],[-70.662256,-26.225391],[-70.635449,-25.992676],[-70.699609,-25.861133],[-70.713721,-25.78418],[-70.633008,-25.545605],[-70.578125,-25.4875],[-70.489502,-25.376465],[-70.452197,-25.251855],[-70.445361,-25.172656],[-70.558643,-24.778516],[-70.574121,-24.644336],[-70.546436,-24.331641],[-70.507422,-24.129688],[-70.520068,-23.968555],[-70.507422,-23.885742],[-70.487793,-23.781738],[-70.409961,-23.655566],[-70.392334,-23.565918],[-70.419629,-23.528516],[-70.511963,-23.482813],[-70.588135,-23.368359],[-70.593359,-23.255469],[-70.568848,-23.17334],[-70.563184,-23.057031],[-70.449658,-23.03418],[-70.38916,-22.969629],[-70.331689,-22.848633],[-70.259521,-22.556055],[-70.228516,-22.193164],[-70.185449,-21.974609],[-70.155078,-21.866602],[-70.12959,-21.64082],[-70.087549,-21.493066],[-70.080029,-21.356836],[-70.088379,-21.253223],[-70.197021,-20.725391],[-70.193652,-20.531445],[-70.147461,-20.229785],[-70.148145,-19.805078],[-70.157422,-19.705859],[-70.19834,-19.612988],[-70.2104,-19.486914],[-70.275781,-19.267578],[-70.334863,-18.827539],[-70.336084,-18.595215],[-70.361621,-18.398047],[-70.418262,-18.345605],[-70.491602,-18.277734],[-70.81748,-18.052539],[-70.941699,-17.932031],[-71.056592,-17.875684],[-71.336963,-17.68252],[-71.364941,-17.620508],[-71.399414,-17.421973],[-71.435889,-17.366016],[-71.532227,-17.294336],[-71.774463,-17.198828],[-71.868359,-17.151074],[-71.966895,-17.064063],[-72.111279,-17.002539],[-72.268604,-16.876172],[-72.3625,-16.775],[-72.467676,-16.708105],[-72.793945,-16.614551],[-72.957715,-16.520898],[-73.26377,-16.388574],[-73.400049,-16.304297],[-73.727686,-16.20166],[-73.824951,-16.152832],[-74.14707,-15.9125],[-74.3729,-15.833984],[-74.554883,-15.699023],[-75.104248,-15.411914],[-75.190527,-15.320117],[-75.274561,-15.178125],[-75.396582,-15.093555],[-75.533643,-14.899219],[-75.737695,-14.784961],[-75.933887,-14.633594],[-76.006299,-14.495801],[-76.136475,-14.320312],[-76.175146,-14.22666],[-76.289014,-14.133105],[-76.297021,-13.948438],[-76.376465,-13.863086],[-76.319482,-13.821484],[-76.259229,-13.802832],[-76.183936,-13.515234],[-76.223633,-13.371191],[-76.427344,-13.109961],[-76.502148,-12.984375],[-76.555225,-12.823438],[-76.637109,-12.728027],[-76.758008,-12.527148],[-76.832129,-12.34873],[-76.994092,-12.219238],[-77.038135,-12.172754],[-77.062695,-12.106836],[-77.152734,-12.060352],[-77.157617,-11.923438],[-77.220312,-11.663379],[-77.309912,-11.532422],[-77.633203,-11.287793],[-77.638574,-11.193555],[-77.664307,-11.02207],[-77.736084,-10.836719],[-78.095459,-10.260645],[-78.185596,-10.089063],[-78.275586,-9.810352],[-78.356494,-9.652051],[-78.445654,-9.370605],[-78.580127,-9.156641],[-78.6646,-8.971094],[-78.75459,-8.74043],[-78.762256,-8.616992],[-78.925391,-8.40459],[-79.012256,-8.210156],[-79.164404,-8.047168],[-79.312842,-7.923242],[-79.377246,-7.835547],[-79.588867,-7.418945],[-79.617725,-7.295605],[-79.761963,-7.066504],[-79.904687,-6.90166],[-79.994971,-6.768945],[-80.110254,-6.649609],[-80.811621,-6.282227],[-81.058447,-6.129395],[-81.142041,-6.056738],[-81.180518,-5.942383],[-81.164307,-5.875293],[-81.091846,-5.812402],[-80.99165,-5.860938],[-80.930664,-5.84082],[-80.882715,-5.758984],[-80.881934,-5.635059],[-80.943115,-5.475391],[-81.167676,-5.16709],[-81.150732,-5.101855],[-81.108496,-5.027832],[-81.195068,-4.879492],[-81.289404,-4.760742],[-81.336621,-4.669531],[-81.283203,-4.322266],[-81.232031,-4.234277],[-80.891943,-3.881641],[-80.798584,-3.731055],[-80.652734,-3.638184],[-80.503662,-3.496094],[-80.324658,-3.387891],[-80.303125,-3.374805],[-80.159863,-3.324316],[-80.100342,-3.274023],[-80.02666,-3.228125],[-79.96333,-3.157715],[-79.921582,-3.090137],[-79.822705,-2.776953],[-79.729883,-2.579102],[-79.745508,-2.484668],[-79.822412,-2.356543],[-79.839746,-2.167871],[-79.832617,-2.110547],[-79.842139,-2.067383],[-79.893408,-2.145703],[-79.880322,-2.423633],[-79.925586,-2.548535],[-79.989014,-2.578711],[-80.030176,-2.556738],[-80.006641,-2.353809],[-80.053076,-2.390723],[-80.127148,-2.528418],[-80.248633,-2.630566],[-80.255273,-2.664648],[-80.284717,-2.706738],[-80.378564,-2.667969],[-80.450098,-2.625977],[-80.684863,-2.396875],[-80.839062,-2.349023],[-80.932178,-2.269141],[-80.951611,-2.235449],[-80.962793,-2.189258],[-80.867627,-2.141211],[-80.770361,-2.07666],[-80.760596,-1.93457],[-80.763135,-1.822949],[-80.83501,-1.632422],[-80.801416,-1.383398],[-80.82002,-1.28584],[-80.902393,-1.078906],[-80.841406,-0.974707],[-80.623682,-0.89873],[-80.553906,-0.847949],[-80.505078,-0.683789],[-80.455469,-0.585449],[-80.358398,-0.625098],[-80.282373,-0.620508],[-80.384766,-0.583984],[-80.468311,-0.436035],[-80.482275,-0.368262],[-80.321289,-0.16582],[-80.237012,-0.113086],[-80.133398,-0.006055],[-80.046143,0.155371],[-80.025,0.410156],[-80.061035,0.592285],[-80.088281,0.784766],[-80.035937,0.83457],[-79.903516,0.860205],[-79.79585,0.922266],[-79.741211,0.979785],[-79.613184,0.971143],[-79.465381,1.060059],[-79.229053,1.10459],[-78.899658,1.20625],[-78.827051,1.295947],[-78.859668,1.455371],[-78.888477,1.524072],[-79.025439,1.623682],[-78.957666,1.752197],[-78.792969,1.84873],[-78.576904,1.773779],[-78.550439,1.923633],[-78.628613,2.05625],[-78.617041,2.306787],[-78.591699,2.356641],[-78.534717,2.423682],[-78.460449,2.470068],[-78.416895,2.483496],[-78.342871,2.460547],[-78.296143,2.510498],[-78.12002,2.488184],[-78.06665,2.509131],[-78.030176,2.543066],[-77.987207,2.568994],[-77.932275,2.629248],[-77.900781,2.698828],[-77.874512,2.725879],[-77.813574,2.716357],[-77.807959,2.746387],[-77.77666,2.787305],[-77.67002,2.878857],[-77.671094,2.919336],[-77.700977,3.007568],[-77.693652,3.039941],[-77.632031,3.051172],[-77.559131,3.075977],[-77.520264,3.160254],[-77.472217,3.233789],[-77.417139,3.341797],[-77.356543,3.348584],[-77.324414,3.474756],[-77.242773,3.585352],[-77.076807,3.913281],[-77.126855,3.906055],[-77.166602,3.862256],[-77.212012,3.867432],[-77.263525,3.893213],[-77.248389,4.040967],[-77.278027,4.058496],[-77.358203,3.944727],[-77.427295,4.060449],[-77.433545,4.130957],[-77.404492,4.200781],[-77.40874,4.247754],[-77.520703,4.212793],[-77.515527,4.256299],[-77.44585,4.301025],[-77.414258,4.347607],[-77.353516,4.398291],[-77.32832,4.475],[-77.313672,4.593848],[-77.286328,4.721729],[-77.306543,4.784668],[-77.339453,4.838525],[-77.366748,5.076562],[-77.35918,5.215186],[-77.373291,5.323975],[-77.401758,5.416162],[-77.534424,5.537109],[-77.324609,5.675635],[-77.249268,5.780176],[-77.344678,5.995361],[-77.469434,6.176758],[-77.473047,6.285645],[-77.440088,6.271729],[-77.398242,6.275],[-77.359863,6.504492],[-77.368799,6.575586],[-77.438867,6.690332],[-77.525977,6.693115],[-77.602148,6.837305],[-77.64585,6.869629],[-77.680957,6.9604],[-77.803711,7.137256],[-77.901172,7.229346],[-77.929785,7.256348],[-78.170117,7.543799],[-78.378223,7.899902],[-78.421582,8.060986],[-78.367627,8.070557],[-78.31543,8.066943],[-78.287354,8.091797],[-78.254883,8.138623],[-78.281201,8.247559],[-78.180029,8.330273],[-78.141895,8.386084],[-78.113867,8.37959],[-78.047754,8.284766],[-77.95166,8.230273],[-77.833643,8.151172],[-77.760547,8.133252],[-77.85293,8.216211],[-78.0125,8.325391],[-78.057178,8.397119],[-78.099463,8.496973],[-78.161816,8.453711],[-78.190771,8.417334],[-78.223047,8.396631],[-78.251123,8.421436],[-78.256104,8.453711],[-78.350146,8.46001],[-78.374316,8.489258],[-78.399219,8.505664],[-78.387891,8.443408],[-78.369385,8.404932],[-78.379297,8.358594],[-78.409863,8.355322],[-78.436035,8.40332],[-78.469434,8.44668],[-78.514062,8.628174],[-78.620898,8.713721],[-78.669824,8.742188],[-78.710205,8.75293],[-78.769678,8.811084],[-78.848242,8.842187],[-78.955176,8.93252],[-79.086377,8.997168],[-79.24668,9.020068],[-79.441504,9.006006],[-79.50708,8.970068],[-79.55166,8.924463],[-79.572363,8.903271],[-79.687451,8.850977],[-79.731055,8.775342],[-79.758545,8.711572],[-79.815918,8.639209],[-79.750439,8.595508],[-80.125781,8.349658],[-80.200098,8.313965],[-80.368701,8.28877],[-80.407568,8.262451],[-80.458984,8.213867],[-80.465869,8.139941],[-80.458105,8.077051],[-80.409131,8.028564],[-80.365576,7.997998],[-80.260937,7.85166],[-80.075195,7.667041],[-80.040039,7.599805],[-80.01123,7.500049],[-80.067285,7.453223],[-80.110596,7.433447],[-80.287305,7.425635],[-80.348242,7.385693],[-80.372949,7.324658],[-80.438867,7.274951],[-80.666699,7.225684],[-80.845557,7.220068],[-80.901221,7.277148],[-80.914648,7.4375],[-81.035107,7.711133],[-81.063867,7.899756],[-81.093945,7.876318],[-81.157812,7.854395],[-81.179395,7.80752],[-81.195459,7.668408],[-81.219043,7.620947],[-81.268408,7.625488],[-81.36958,7.675293],[-81.50415,7.721191],[-81.675684,8.015918],[-81.694287,8.071387],[-81.727637,8.137549],[-81.860254,8.16543],[-81.973291,8.215088],[-82.096729,8.222754],[-82.159863,8.194824],[-82.224316,8.230371],[-82.235449,8.311035],[-82.364844,8.274854],[-82.530957,8.287402],[-82.679541,8.321973],[-82.781152,8.303516],[-82.866113,8.246338],[-82.854346,8.099512],[-82.879346,8.070654],[-82.947266,8.181738],[-83.041455,8.287744],[-83.12334,8.353076],[-83.12959,8.505469],[-83.162402,8.588184],[-83.285791,8.664355],[-83.391406,8.717725],[-83.469727,8.706836],[-83.421777,8.619238],[-83.297754,8.506885],[-83.289551,8.463818],[-83.291504,8.406006],[-83.376807,8.414893],[-83.452051,8.438477],[-83.54375,8.44585],[-83.604736,8.480322],[-83.734082,8.614453],[-83.642187,8.728906],[-83.613721,8.804053],[-83.616162,8.959814],[-83.637256,9.035352],[-83.736914,9.150293],[-83.895557,9.276416],[-84.117871,9.379443],[-84.222363,9.4625],[-84.482666,9.526172],[-84.581592,9.568359],[-84.658887,9.64668],[-84.670459,9.702881],[-84.643066,9.789404],[-84.714941,9.899414],[-85.025049,10.115723],[-85.198437,10.195312],[-85.235645,10.24209],[-85.263184,10.256641],[-85.236523,10.107373],[-85.160742,10.017432],[-84.962793,9.933447],[-84.90835,9.88457],[-84.886426,9.820947],[-85.00127,9.699268],[-85.059717,9.668311],[-85.077051,9.601953],[-85.114502,9.581787],[-85.154004,9.620068],[-85.314551,9.810937],[-85.624854,9.902441],[-85.681006,9.958594],[-85.796484,10.132861],[-85.849658,10.292041],[-85.830615,10.398145],[-85.703125,10.563477],[-85.66333,10.635449],[-85.671436,10.679785],[-85.667236,10.74502],[-85.714844,10.790576],[-85.832861,10.849951],[-85.908008,10.897559],[-85.887402,10.921289],[-85.752246,10.985254],[-85.743701,11.042969],[-85.744336,11.062109],[-85.745215,11.088574],[-85.828516,11.19873],[-85.961133,11.331348],[-86.468896,11.738281],[-86.655518,11.981543],[-86.755615,12.156641],[-86.850977,12.247754],[-87.125195,12.434131],[-87.188428,12.50835],[-87.460156,12.757568],[-87.667529,12.903564],[-87.670166,12.965674],[-87.585059,13.043311],[-87.543311,13.039697],[-87.497949,12.98418],[-87.424365,12.921143],[-87.389648,12.920654],[-87.338574,12.949951],[-87.337256,12.979248],[-87.33252,13.084717],[-87.412793,13.127441],[-87.458447,13.21543],[-87.498389,13.274902],[-87.485156,13.310596],[-87.489111,13.35293],[-87.602246,13.385596],[-87.70835,13.360059],[-87.769385,13.37666],[-87.814209,13.39917],[-87.838379,13.385791],[-87.820703,13.285156],[-87.878076,13.224414],[-87.930859,13.180664],[-88.023438,13.16875],[-88.180664,13.164014],[-88.417139,13.213525],[-88.591553,13.281055],[-88.685645,13.281494],[-88.655859,13.25918],[-88.581543,13.244971],[-88.483887,13.197168],[-88.512012,13.183936],[-88.867041,13.283252],[-89.277637,13.478076],[-89.523242,13.509131],[-89.804199,13.560107],[-89.970459,13.683154],[-90.095215,13.736523],[-90.479102,13.900928],[-90.606934,13.929004],[-91.146045,13.925586],[-91.377344,13.990186],[-91.640918,14.114941],[-91.819092,14.228223],[-92.235156,14.54541],[-92.264551,14.567773],[-92.530957,14.839648],[-92.68007246204746,15],[-83.16710917580609,15]]]}},{"type":"Feature","properties":{"scalerank":0,"featurecla":"Land","min_zoom":2},"geometry":{"type":"Polygon","coordinates":[]}},{"type":"Feature","properties":{"scalerank":0,"featurecla":"Land","min_zoom":2},"geometry":{"type":"Polygon","coordinates":[]}},{"type":"Feature","properties":{"scalerank":0,"featurecla":"Land","min_zoom":2},"geometry":{"type":"Polygon","coordinates":[]}},{"type":"Feature","properties":{"scalerank":0,"featurecla":"Land","min_zoom":1.5},"geometry":{"type":"Polygon","coordinates":[]}},{"type":"Feature","properties":{"scalerank":0,"featurecla":"Land","min_zoom":1.5},"geometry":{"type":"Polygon","coordinates":[]}},{"type":"Feature","properties":{"scalerank":0,"featurecla":"Land","min_zoom":2},"geometry":{"type":"Polygon","coordinates":[]}},{"type":"Feature","properties":{"scalerank":0,"featurecla":"Land","min_zoom":1.5},"geometry":{"type":"Polygon","coordinates":[]}},{"type":"Feature","properties":{"scalerank":0,"featurecla":"Land","min_zoom":2},"geometry":{"type":"Polygon","coordinates":[]}},{"type":"Feature","properties":{"scalerank":0,"featurecla":"Land","min_zoom":2},"geometry":{"type":"Polygon","coordinates":[]}},{"type":"Feature","properties":{"scalerank":0,"featurecla":"Land","min_zoom":1.5},"geometry":{"type":"Polygon","coordinates":[]}},{"type":"Feature","properties":{"scalerank":0,"featurecla":"Land","min_zoom":1.5},"geometry":{"type":"Polygon","coordinates":[]}},{"type":"Feature","properties":{"scalerank":0,"featurecla":"Land","min_zoom":2},"geometry":{"type":"Polygon","coordinates":[]}},{"type":"Feature","properties":{"scalerank":0,"featurecla":"Land","min_zoom":1.5},"geometry":{"type":"Polygon","coordinates":[]}},{"type":"Feature","properties":{"scalerank":0,"featurecla":"Land","min_zoom":0},"geometry":{"type":"Polygon","coordinates":[]}},{"type":"Feature","properties":{"scalerank":0,"featurecla":"Land","min_zoom":0.5},"geometry":{"type":"Polygon","coordinates":[]}},{"type":"Feature","properties":{"scalerank":0,"featurecla":"Land","min_zoom":1},"geometry":{"type":"Polygon","coordinates":[]}},{"type":"Feature","properties":{"scalerank":0,"featurecla":"Land","min_zoom":1},"geometry":{"type":"Polygon","coordinates":[]}},{"type":"Feature","properties":{"scalerank":0,"featurecla":"Land","min_zoom":0},"geometry":{"type":"Polygon","coordinates":[]}},{"type":"Feature","properties":{"scalerank":0,"featurecla":"Land","min_zoom":0.5},"geometry":{"type":"Polygon","coordinates":[]}},{"type":"Feature","properties":{"scalerank":0,"featurecla":"Land","min_zoom":0},"geometry":{"type":"Polygon","coordinates":[]}},{"type":"Feature","properties":{"scalerank":0,"featurecla":"Land","min_zoom":0},"geometry":{"type":"Polygon","coordinates":[]}},{"type":"Feature","properties":{"scalerank":0,"featurecla":"Land","min_zoom":1},"geometry":{"type":"Polygon","coordinates":[]}},{"type":"Feature","properties":{"scalerank":0,"featurecla":"Land","min_zoom":1},"geometry":{"type":"Polygon","coordinates":[]}},{"type":"Feature","properties":{"scalerank":0,"featurecla":"Land","min_zoom":0.5},"geometry":{"type":"Polygon","coordinates":[]}},{"type":"Feature","properties":{"scalerank":0,"featurecla":"Land","min_zoom":0},"geometry":{"type":"Polygon","coordinates":[]}},{"type":"Feature","properties":{"scalerank":0,"featurecla":"Land","min_zoom":0.5},"geometry":{"type":"Polygon","coordinates":[]}},{"type":"Feature","properties":{"scalerank":0,"featurecla":"Land","min_zoom":1.5},"geometry":{"type":"Polygon","coordinates":[]}},{"type":"Feature","properties":{"scalerank":0,"featurecla":"Land","min_zoom":0},"geometry":{"type":"Polygon","coordinates":[]}},{"type":"Feature","properties":{"scalerank":0,"featurecla":"Land","min_zoom":0},"geometry":{"type":"Polygon","coordinates":[]}},{"type":"Feature","properties":{"scalerank":0,"featurecla":"Land","min_zoom":4},"geometry":{"type":"Polygon","coordinates":[]}},{"type":"Feature","properties":{"scalerank":0,"featurecla":"Land","min_zoom":3},"geometry":{"type":"Polygon","coordinates":[]}},{"type":"Feature","properties":{"scalerank":0,"featurecla":"Land","min_zoom":3},"geometry":{"type":"Polygon","coordinates":[]}},{"type":"Feature","properties":{"scalerank":0,"featurecla":"Land","min_zoom":3},"geometry":{"type":"Polygon","coordinates":[]}},{"type":"Feature","properties":{"scalerank":0,"featurecla":"Land","min_zoom":2},"geometry":{"type":"Polygon","coordinates":[]}},{"type":"Feature","properties":{"scalerank":0,"featurecla":"Land","min_zoom":4},"geometry":{"type":"Polygon","coordinates":[]}},{"type":"Feature","properties":{"scalerank":0,"featurecla":"Land","min_zoom":4},"geometry":{"type":"Polygon","coordinates":[]}},{"type":"Feature","properties":{"scalerank":0,"featurecla":"Land","min_zoom":3},"geometry":{"type":"Polygon","coordinates":[]}},{"type":"Feature","properties":{"scalerank":0,"featurecla":"Land","min_zoom":4},"geometry":{"type":"Polygon","coordinates":[]}},{"type":"Feature","properties":{"scalerank":0,"featurecla":"Land","min_zoom":4},"geometry":{"type":"Polygon","coordinates":[]}},{"type":"Feature","properties":{"scalerank":0,"featurecla":"Land","min_zoom":3},"geometry":{"type":"Polygon","coordinates":[]}},{"type":"Feature","properties":{"scalerank":0,"featurecla":"Land","min_zoom":4},"geometry":{"type":"Polygon","coordinates":[]}},{"type":"Feature","properties":{"scalerank":0,"featurecla":"Land","min_zoom":3},"geometry":{"type":"Polygon","coordinates":[]}},{"type":"Feature","properties":{"scalerank":0,"featurecla":"Land","min_zoom":3},"geometry":{"type":"Polygon","coordinates":[]}},{"type":"Feature","properties":{"scalerank":0,"featurecla":"Land","min_zoom":2},"geometry":{"type":"Polygon","coordinates":[]}},{"type":"Feature","properties":{"scalerank":0,"featurecla":"Land","min_zoom":3},"geometry":{"type":"Polygon","coordinates":[]}},{"type":"Feature","properties":{"scalerank":0,"featurecla":"Land","min_zoom":3},"geometry":{"type":"Polygon","coordinates":[]}},{"type":"Feature","properties":{"scalerank":0,"featurecla":"Land","min_zoom":3},"geometry":{"type":"Polygon","coordinates":[]}},{"type":"Feature","properties":{"scalerank":0,"featurecla":"Land","min_zoom":3},"geometry":{"type":"Polygon","coordinates":[]}},{"type":"Feature","properties":{"scalerank":0,"featurecla":"Land","min_zoom":3},"geometry":{"type":"Polygon","coordinates":[]}},{"type":"Feature","properties":{"scalerank":0,"featurecla":"Land","min_zoom":3},"geometry":{"type":"Polygon","coordinates":[]}},{"type":"Feature","properties":{"scalerank":0,"featurecla":"Land","min_zoom":2},"geometry":{"type":"Polygon","coordinates":[]}},{"type":"Feature","properties":{"scalerank":0,"featurecla":"Land","min_zoom":3},"geometry":{"type":"Polygon","coordinates":[]}},{"type":"Feature","properties":{"scalerank":0,"featurecla":"Land","min_zoom":3},"geometry":{"type":"Polygon","coordinates":[]}},{"type":"Feature","properties":{"scalerank":0,"featurecla":"Land","min_zoom":2},"geometry":{"type":"Polygon","coordinates":[]}},{"type":"Feature","properties":{"scalerank":0,"featurecla":"Land","min_zoom":2},"geometry":{"type":"Polygon","coordinates":[]}},{"type":"Feature","properties":{"scalerank":0,"featurecla":"Land","min_zoom":2},"geometry":{"type":"Polygon","coordinates":[]}},{"type":"Feature","properties":{"scalerank":0,"featurecla":"Land","min_zoom":3},"geometry":{"type":"Polygon","coordinates":[]}},{"type":"Feature","properties":{"scalerank":0,"featurecla":"Land","min_zoom":2},"geometry":{"type":"Polygon","coordinates":[]}},{"type":"Feature","properties":{"scalerank":0,"featurecla":"Land","min_zoom":3},"geometry":{"type":"Polygon","coordinates":[]}},{"type":"Feature","properties":{"scalerank":0,"featurecla":"Land","min_zoom":3},"geometry":{"type":"Polygon","coordinates":[]}},{"type":"Feature","properties":{"scalerank":0,"featurecla":"Land","min_zoom":4},"geometry":{"type":"Polygon","coordinates":[]}},{"type":"Feature","properties":{"scalerank":0,"featurecla":"Land","min_zoom":2},"geometry":{"type":"Polygon","coordinates":[]}},{"type":"Feature","properties":{"scalerank":0,"featurecla":"Land","min_zoom":2},"geometry":{"type":"Polygon","coordinates":[]}},{"type":"Feature","properties":{"scalerank":0,"featurecla":"Land","min_zoom":3},"geometry":{"type":"Polygon","coordinates":[]}},{"type":"Feature","properties":{"scalerank":0,"featurecla":"Land","min_zoom":3},"geometry":{"type":"Polygon","coordinates":[]}},{"type":"Feature","properties":{"scalerank":0,"featurecla":"Land","min_zoom":2},"geometry":{"type":"Polygon","coordinates":[]}},{"type":"Feature","properties":{"scalerank":0,"featurecla":"Land","min_zoom":2},"geometry":{"type":"Polygon","coordinates":[]}},{"type":"Feature","properties":{"scalerank":0,"featurecla":"Land","min_zoom":2},"geometry":{"type":"Polygon","coordinates":[]}},{"type":"Feature","properties":{"scalerank":0,"featurecla":"Land","min_zoom":4},"geometry":{"type":"Polygon","coordinates":[]}},{"type":"Feature","properties":{"scalerank":0,"featurecla":"Land","min_zoom":2},"geometry":{"type":"Polygon","coordinates":[]}},{"type":"Feature","properties":{"scalerank":0,"featurecla":"Land","min_zoom":3},"geometry":{"type":"Polygon","coordinates":[]}},{"type":"Feature","properties":{"scalerank":0,"featurecla":"Land","min_zoom":2},"geometry":{"type":"Polygon","coordinates":[]}},{"type":"Feature","properties":{"scalerank":0,"featurecla":"Land","min_zoom":3},"geometry":{"type":"Polygon","coordinates":[]}},{"type":"Feature","properties":{"scalerank":0,"featurecla":"Land","min_zoom":3},"geometry":{"type":"Polygon","coordinates":[]}},{"type":"Feature","properties":{"scalerank":0,"featurecla":"Land","min_zoom":3},"geometry":{"type":"Polygon","coordinates":[]}},{"type":"Feature","properties":{"scalerank":0,"featurecla":"Land","min_zoom":3},"geometry":{"type":"Polygon","coordinates":[]}},{"type":"Feature","properties":{"scalerank":0,"featurecla":"Land","min_zoom":3},"geometry":{"type":"Polygon","coordinates":[]}},{"type":"Feature","properties":{"scalerank":0,"featurecla":"Land","min_zoom":2},"geometry":{"type":"Polygon","coordinates":[]}},{"type":"Feature","properties":{"scalerank":0,"featurecla":"Land","min_zoom":4},"geometry":{"type":"Polygon","coordinates":[]}},{"type":"Feature","properties":{"scalerank":0,"featurecla":"Land","min_zoom":3},"geometry":{"type":"Polygon","coordinates":[]}},{"type":"Feature","properties":{"scalerank":0,"featurecla":"Land","min_zoom":2},"geometry":{"type":"Polygon","coordinates":[]}},{"type":"Feature","properties":{"scalerank":0,"featurecla":"Land","min_zoom":0},"geometry":{"type":"Polygon","coordinates":[]}},{"type":"Feature","properties":{"scalerank":0,"featurecla":"Land","min_zoom":4},"geometry":{"type":"Polygon","coordinates":[]}},{"type":"Feature","properties":{"scalerank":0,"featurecla":"Land","min_zoom":3},"geometry":{"type":"Polygon","coordinates":[]}},{"type":"Feature","properties":{"scalerank":0,"featurecla":"Land","min_zoom":4},"geometry":{"type":"Polygon","coordinates":[]}},{"type":"Feature","properties":{"scalerank":0,"featurecla":"Land","min_zoom":3},"geometry":{"type":"Polygon","coordinates":[]}},{"type":"Feature","properties":{"scalerank":0,"featurecla":"Land","min_zoom":3},"geometry":{"type":"Polygon","coordinates":[]}},{"type":"Feature","properties":{"scalerank":0,"featurecla":"Land","min_zoom":3},"geometry":{"type":"Polygon","coordinates":[]}},{"type":"Feature","properties":{"scalerank":0,"featurecla":"Land","min_zoom":3},"geometry":{"type":"Polygon","coordinates":[]}},{"type":"Feature","properties":{"scalerank":0,"featurecla":"Land","min_zoom":3},"geometry":{"type":"Polygon","coordinates":[]}},{"type":"Feature","properties":{"scalerank":0,"featurecla":"Land","min_zoom":3},"geometry":{"type":"Polygon","coordinates":[]}},{"type":"Feature","properties":{"scalerank":0,"featurecla":"Land","min_zoom":3},"geometry":{"type":"Polygon","coordinates":[]}},{"type":"Feature","properties":{"scalerank":0,"featurecla":"Land","min_zoom":3},"geometry":{"type":"Polygon","coordinates":[]}},{"type":"Feature","properties":{"scalerank":0,"featurecla":"Land","min_zoom":3},"geometry":{"type":"Polygon","coordinates":[]}},{"type":"Feature","properties":{"scalerank":0,"featurecla":"Land","min_zoom":3},"geometry":{"type":"Polygon","coordinates":[]}},{"type":"Feature","properties":{"scalerank":0,"featurecla":"Land","min_zoom":3},"geometry":{"type":"Polygon","coordinates":[]}},{"type":"Feature","properties":{"scalerank":0,"featurecla":"Land","min_zoom":4},"geometry":{"type":"Polygon","coordinates":[]}},{"type":"Feature","properties":{"scalerank":0,"featurecla":"Land","min_zoom":3},"geometry":{"type":"Polygon","coordinates":[]}},{"type":"Feature","properties":{"scalerank":0,"featurecla":"Land","min_zoom":4},"geometry":{"type":"Polygon","coordinates":[]}},{"type":"Feature","properties":{"scalerank":0,"featurecla":"Land","min_zoom":3},"geometry":{"type":"Polygon","coordinates":[]}},{"type":"Feature","properties":{"scalerank":0,"featurecla":"Land","min_zoom":3},"geometry":{"type":"Polygon","coordinates":[]}},{"type":"Feature","properties":{"scalerank":0,"featurecla":"Land","min_zoom":3},"geometry":{"type":"Polygon","coordinates":[]}},{"type":"Feature","properties":{"scalerank":0,"featurecla":"Land","min_zoom":3},"geometry":{"type":"Polygon","coordinates":[]}},{"type":"Feature","properties":{"scalerank":0,"featurecla":"Land","min_zoom":3},"geometry":{"type":"Polygon","coordinates":[]}},{"type":"Feature","properties":{"scalerank":0,"featurecla":"Land","min_zoom":4},"geometry":{"type":"Polygon","coordinates":[]}},{"type":"Feature","properties":{"scalerank":0,"featurecla":"Land","min_zoom":3},"geometry":{"type":"Polygon","coordinates":[]}},{"type":"Feature","properties":{"scalerank":0,"featurecla":"Land","min_zoom":3},"geometry":{"type":"Polygon","coordinates":[]}},{"type":"Feature","properties":{"scalerank":0,"featurecla":"Land","min_zoom":3},"geometry":{"type":"Polygon","coordinates":[]}},{"type":"Feature","properties":{"scalerank":0,"featurecla":"Land","min_zoom":4},"geometry":{"type":"Polygon","coordinates":[]}},{"type":"Feature","properties":{"scalerank":0,"featurecla":"Land","min_zoom":3},"geometry":{"type":"Polygon","coordinates":[]}},{"type":"Feature","properties":{"scalerank":0,"featurecla":"Land","min_zoom":4},"geometry":{"type":"Polygon","coordinates":[]}},{"type":"Feature","properties":{"scalerank":0,"featurecla":"Land","min_zoom":4},"geometry":{"type":"Polygon","coordinates":[]}},{"type":"Feature","properties":{"scalerank":0,"featurecla":"Land","min_zoom":3},"geometry":{"type":"Polygon","coordinates":[]}},{"type":"Feature","properties":{"scalerank":0,"featurecla":"Land","min_zoom":3},"geometry":{"type":"Polygon","coordinates":[]}},{"type":"Feature","properties":{"scalerank":0,"featurecla":"Land","min_zoom":4},"geometry":{"type":"Polygon","coordinates":[]}},{"type":"Feature","properties":{"scalerank":0,"featurecla":"Land","min_zoom":3},"geometry":{"type":"Polygon","coordinates":[]}},{"type":"Feature","properties":{"scalerank":0,"featurecla":"Land","min_zoom":3},"geometry":{"type":"Polygon","coordinates":[]}},{"type":"Feature","properties":{"scalerank":0,"featurecla":"Land","min_zoom":3},"geometry":{"type":"Polygon","coordinates":[]}},{"type":"Feature","properties":{"scalerank":0,"featurecla":"Land","min_zoom":3},"geometry":{"type":"Polygon","coordinates":[]}},{"type":"Feature","properties":{"scalerank":0,"featurecla":"Land","min_zoom":3},"geometry":{"type":"Polygon","coordinates":[]}},{"type":"Feature","properties":{"scalerank":0,"featurecla":"Land","min_zoom":2},"geometry":{"type":"Polygon","coordinates":[]}},{"type":"Feature","properties":{"scalerank":0,"featurecla":"Land","min_zoom":3},"geometry":{"type":"Polygon","coordinates":[]}},{"type":"Feature","properties":{"scalerank":0,"featurecla":"Land","min_zoom":3},"geometry":{"type":"Polygon","coordinates":[]}},{"type":"Feature","properties":{"scalerank":0,"featurecla":"Land","min_zoom":3},"geometry":{"type":"Polygon","coordinates":[]}},{"type":"Feature","properties":{"scalerank":0,"featurecla":"Land","min_zoom":3},"geometry":{"type":"Polygon","coordinates":[]}},{"type":"Feature","properties":{"scalerank":0,"featurecla":"Land","min_zoom":3},"geometry":{"type":"Polygon","coordinates":[]}},{"type":"Feature","properties":{"scalerank":0,"featurecla":"Land","min_zoom":3},"geometry":{"type":"Polygon","coordinates":[]}},{"type":"Feature","properties":{"scalerank":0,"featurecla":"Land","min_zoom":2},"geometry":{"type":"Polygon","coordinates":[]}},{"type":"Feature","properties":{"scalerank":0,"featurecla":"Land","min_zoom":2},"geometry":{"type":"Polygon","coordinates":[]}},{"type":"Feature","properties":{"scalerank":0,"featurecla":"Land","min_zoom":2},"geometry":{"type":"Polygon","coordinates":[]}},{"type":"Feature","properties":{"scalerank":0,"featurecla":"Land","min_zoom":2},"geometry":{"type":"Polygon","coordinates":[]}},{"type":"Feature","properties":{"scalerank":0,"featurecla":"Land","min_zoom":3},"geometry":{"type":"Polygon","coordinates":[]}},{"type":"Feature","properties":{"scalerank":0,"featurecla":"Land","min_zoom":3},"geometry":{"type":"Polygon","coordinates":[]}},{"type":"Feature","properties":{"scalerank":0,"featurecla":"Land","min_zoom":4},"geometry":{"type":"Polygon","coordinates":[]}},{"type":"Feature","properties":{"scalerank":0,"featurecla":"Land","min_zoom":3},"geometry":{"type":"Polygon","coordinates":[]}},{"type":"Feature","properties":{"scalerank":0,"featurecla":"Land","min_zoom":3},"geometry":{"type":"Polygon","coordinates":[]}},{"type":"Feature","properties":{"scalerank":0,"featurecla":"Land","min_zoom":0},"geometry":{"type":"Polygon","coordinates":[]}},{"type":"Feature","properties":{"scalerank":0,"featurecla":"Land","min_zoom":3},"geometry":{"type":"Polygon","coordinates":[]}},{"type":"Feature","properties":{"scalerank":0,"featurecla":"Land","min_zoom":2},"geometry":{"type":"Polygon","coordinates":[]}},{"type":"Feature","properties":{"scalerank":0,"featurecla":"Land","min_zoom":3},"geometry":{"type":"Polygon","coordinates":[]}},{"type":"Feature","properties":{"scalerank":0,"featurecla":"Land","min_zoom":3},"geometry":{"type":"Polygon","coordinates":[]}},{"type":"Feature","properties":{"scalerank":0,"featurecla":"Land","min_zoom":2},"geometry":{"type":"Polygon","coordinates":[]}},{"type":"Feature","properties":{"scalerank":0,"featurecla":"Land","min_zoom":3},"geometry":{"type":"Polygon","coordinates":[]}},{"type":"Feature","properties":{"scalerank":0,"featurecla":"Land","min_zoom":0},"geometry":{"type":"Polygon","coordinates":[]}},{"type":"Feature","properties":{"scalerank":0,"featurecla":"Land","min_zoom":4},"geometry":{"type":"Polygon","coordinates":[]}},{"type":"Feature","properties":{"scalerank":0,"featurecla":"Land","min_zoom":1},"geometry":{"type":"Polygon","coordinates":[]}},{"type":"Feature","properties":{"scalerank":0,"featurecla":"Land","min_zoom":4},"geometry":{"type":"Polygon","coordinates":[]}},{"type":"Feature","properties":{"scalerank":0,"featurecla":"Land","min_zoom":3},"geometry":{"type":"Polygon","coordinates":[]}},{"type":"Feature","properties":{"scalerank":0,"featurecla":"Land","min_zoom":4},"geometry":{"type":"Polygon","coordinates":[]}},{"type":"Feature","properties":{"scalerank":0,"featurecla":"Land","min_zoom":4},"geometry":{"type":"Polygon","coordinates":[]}},{"type":"Feature","properties":{"scalerank":0,"featurecla":"Land","min_zoom":4},"geometry":{"type":"Polygon","coordinates":[]}},{"type":"Feature","properties":{"scalerank":0,"featurecla":"Land","min_zoom":4},"geometry":{"type":"Polygon","coordinates":[]}},{"type":"Feature","properties":{"scalerank":0,"featurecla":"Land","min_zoom":4},"geometry":{"type":"Polygon","coordinates":[]}},{"type":"Feature","properties":{"scalerank":0,"featurecla":"Land","min_zoom":4},"geometry":{"type":"Polygon","coordinates":[]}},{"type":"Feature","properties":{"scalerank":0,"featurecla":"Land","min_zoom":4},"geometry":{"type":"Polygon","coordinates":[]}},{"type":"Feature","properties":{"scalerank":0,"featurecla":"Land","min_zoom":4},"geometry":{"type":"Polygon","coordinates":[]}},{"type":"Feature","properties":{"scalerank":0,"featurecla":"Land","min_zoom":4},"geometry":{"type":"Polygon","coordinates":[]}},{"type":"Feature","properties":{"scalerank":0,"featurecla":"Land","min_zoom":4},"geometry":{"type":"Polygon","coordinates":[]}},{"type":"Feature","properties":{"scalerank":0,"featurecla":"Land","min_zoom":4},"geometry":{"type":"Polygon","coordinates":[]}},{"type":"Feature","properties":{"scalerank":0,"featurecla":"Land","min_zoom":4},"geometry":{"type":"Polygon","coordinates":[]}},{"type":"Feature","properties":{"scalerank":0,"featurecla":"Land","min_zoom":4},"geometry":{"type":"Polygon","coordinates":[]}},{"type":"Feature","properties":{"scalerank":0,"featurecla":"Land","min_zoom":4},"geometry":{"type":"Polygon","coordinates":[]}},{"type":"Feature","properties":{"scalerank":0,"featurecla":"Land","min_zoom":4},"geometry":{"type":"Polygon","coordinates":[]}},{"type":"Feature","properties":{"scalerank":0,"featurecla":"Land","min_zoom":4},"geometry":{"type":"Polygon","coordinates":[]}},{"type":"Feature","properties":{"scalerank":0,"featurecla":"Land","min_zoom":4},"geometry":{"type":"Polygon","coordinates":[]}},{"type":"Feature","properties":{"scalerank":0,"featurecla":"Land","min_zoom":4},"geometry":{"type":"Polygon","coordinates":[]}},{"type":"Feature","properties":{"scalerank":0,"featurecla":"Land","min_zoom":4},"geometry":{"type":"Polygon","coordinates":[]}},{"type":"Feature","properties":{"scalerank":0,"featurecla":"Land","min_zoom":4},"geometry":{"type":"Polygon","coordinates":[]}},{"type":"Feature","properties":{"scalerank":0,"featurecla":"Land","min_zoom":4},"geometry":{"type":"Polygon","coordinates":[]}},{"type":"Feature","properties":{"scalerank":0,"featurecla":"Land","min_zoom":4},"geometry":{"type":"Polygon","coordinates":[]}},{"type":"Feature","properties":{"scalerank":0,"featurecla":"Land","min_zoom":4},"geometry":{"type":"Polygon","coordinates":[]}},{"type":"Feature","properties":{"scalerank":0,"featurecla":"Land","min_zoom":4},"geometry":{"type":"Polygon","coordinates":[]}},{"type":"Feature","properties":{"scalerank":0,"featurecla":"Land","min_zoom":4},"geometry":{"type":"Polygon","coordinates":[]}},{"type":"Feature","properties":{"scalerank":0,"featurecla":"Land","min_zoom":3},"geometry":{"type":"Polygon","coordinates":[]}},{"type":"Feature","properties":{"scalerank":0,"featurecla":"Land","min_zoom":3},"geometry":{"type":"Polygon","coordinates":[]}},{"type":"Feature","properties":{"scalerank":0,"featurecla":"Land","min_zoom":4},"geometry":{"type":"Polygon","coordinates":[]}},{"type":"Feature","properties":{"scalerank":0,"featurecla":"Land","min_zoom":4},"geometry":{"type":"Polygon","coordinates":[]}},{"type":"Feature","properties":{"scalerank":0,"featurecla":"Land","min_zoom":4},"geometry":{"type":"Polygon","coordinates":[]}},{"type":"Feature","properties":{"scalerank":0,"featurecla":"Land","min_zoom":0},"geometry":{"type":"Polygon","coordinates":[]}},{"type":"Feature","properties":{"scalerank":0,"featurecla":"Land","min_zoom":0.5},"geometry":{"type":"Polygon","coordinates":[]}},{"type":"Feature","properties":{"scalerank":0,"featurecla":"Land","min_zoom":0},"geometry":{"type":"Polygon","coordinates":[]}},{"type":"Feature","properties":{"scalerank":0,"featurecla":"Land","min_zoom":4},"geometry":{"type":"Polygon","coordinates":[]}},{"type":"Feature","properties":{"scalerank":0,"featurecla":"Land","min_zoom":4},"geometry":{"type":"Polygon","coordinates":[]}},{"type":"Feature","properties":{"scalerank":0,"featurecla":"Land","min_zoom":4},"geometry":{"type":"Polygon","coordinates":[]}},{"type":"Feature","properties":{"scalerank":0,"featurecla":"Land","min_zoom":4},"geometry":{"type":"Polygon","coordinates":[]}},{"type":"Feature","properties":{"scalerank":0,"featurecla":"Land","min_zoom":4},"geometry":{"type":"Polygon","coordinates":[]}},{"type":"Feature","properties":{"scalerank":0,"featurecla":"Land","min_zoom":4},"geometry":{"type":"Polygon","coordinates":[]}},{"type":"Feature","properties":{"scalerank":0,"featurecla":"Land","min_zoom":4},"geometry":{"type":"Polygon","coordinates":[]}},{"type":"Feature","properties":{"scalerank":0,"featurecla":"Land","min_zoom":4},"geometry":{"type":"Polygon","coordinates":[]}},{"type":"Feature","properties":{"scalerank":0,"featurecla":"Land","min_zoom":4},"geometry":{"type":"Polygon","coordinates":[]}},{"type":"Feature","properties":{"scalerank":0,"featurecla":"Land","min_zoom":4},"geometry":{"type":"Polygon","coordinates":[]}},{"type":"Feature","properties":{"scalerank":0,"featurecla":"Land","min_zoom":4},"geometry":{"type":"Polygon","coordinates":[]}},{"type":"Feature","properties":{"scalerank":0,"featurecla":"Land","min_zoom":4},"geometry":{"type":"Polygon","coordinates":[]}},{"type":"Feature","properties":{"scalerank":0,"featurecla":"Land","min_zoom":4},"geometry":{"type":"Polygon","coordinates":[]}},{"type":"Feature","properties":{"scalerank":0,"featurecla":"Land","min_zoom":4},"geometry":{"type":"Polygon","coordinates":[]}},{"type":"Feature","properties":{"scalerank":0,"featurecla":"Land","min_zoom":4},"geometry":{"type":"Polygon","coordinates":[]}},{"type":"Feature","properties":{"scalerank":0,"featurecla":"Land","min_zoom":4},"geometry":{"type":"Polygon","coordinates":[]}},{"type":"Feature","properties":{"scalerank":0,"featurecla":"Land","min_zoom":4},"geometry":{"type":"Polygon","coordinates":[]}},{"type":"Feature","properties":{"scalerank":0,"featurecla":"Land","min_zoom":3},"geometry":{"type":"Polygon","coordinates":[[[-78.80415,-33.646484],[-78.98335,-33.667773],[-78.989453,-33.661719],[-78.979297,-33.644141],[-78.938135,-33.613574],[-78.888281,-33.576367],[-78.877441,-33.575195],[-78.859033,-33.578125],[-78.838184,-33.585059],[-78.784668,-33.610156],[-78.768945,-33.627344],[-78.774707,-33.641602],[-78.80415,-33.646484]]]}},{"type":"Feature","properties":{"scalerank":0,"featurecla":"Land","min_zoom":4},"geometry":{"type":"Polygon","coordinates":[]}},{"type":"Feature","properties":{"scalerank":0,"featurecla":"Land","min_zoom":4},"geometry":{"type":"Polygon","coordinates":[]}},{"type":"Feature","properties":{"scalerank":0,"featurecla":"Land","min_zoom":4},"geometry":{"type":"Polygon","coordinates":[]}},{"type":"Feature","properties":{"scalerank":0,"featurecla":"Land","min_zoom":4},"geometry":{"type":"Polygon","coordinates":[]}},{"type":"Feature","properties":{"scalerank":0,"featurecla":"Land","min_zoom":4},"geometry":{"type":"Polygon","coordinates":[]}},{"type":"Feature","properties":{"scalerank":0,"featurecla":"Land","min_zoom":4},"geometry":{"type":"Polygon","coordinates":[]}},{"type":"Feature","properties":{"scalerank":0,"featurecla":"Land","min_zoom":4},"geometry":{"type":"Polygon","coordinates":[]}},{"type":"Feature","properties":{"scalerank":0,"featurecla":"Land","min_zoom":4},"geometry":{"type":"Polygon","coordinates":[]}},{"type":"Feature","properties":{"scalerank":0,"featurecla":"Land","min_zoom":4},"geometry":{"type":"Polygon","coordinates":[]}},{"type":"Feature","properties":{"scalerank":0,"featurecla":"Land","min_zoom":4},"geometry":{"type":"Polygon","coordinates":[]}},{"type":"Feature","properties":{"scalerank":0,"featurecla":"Land","min_zoom":4},"geometry":{"type":"Polygon","coordinates":[]}},{"type":"Feature","properties":{"scalerank":0,"featurecla":"Land","min_zoom":4},"geometry":{"type":"Polygon","coordinates":[]}},{"type":"Feature","properties":{"scalerank":0,"featurecla":"Land","min_zoom":4},"geometry":{"type":"Polygon","coordinates":[]}},{"type":"Feature","properties":{"scalerank":0,"featurecla":"Land","min_zoom":4},"geometry":{"type":"Polygon","coordinates":[]}},{"type":"Feature","properties":{"scalerank":0,"featurecla":"Land","min_zoom":4},"geometry":{"type":"Polygon","coordinates":[]}},{"type":"Feature","properties":{"scalerank":0,"featurecla":"Land","min_zoom":4},"geometry":{"type":"Polygon","coordinates":[]}},{"type":"Feature","properties":{"scalerank":0,"featurecla":"Land","min_zoom":4},"geometry":{"type":"Polygon","coordinates":[]}},{"type":"Feature","properties":{"scalerank":0,"featurecla":"Land","min_zoom":4},"geometry":{"type":"Polygon","coordinates":[]}},{"type":"Feature","properties":{"scalerank":0,"featurecla":"Land","min_zoom":4},"geometry":{"type":"Polygon","coordinates":[]}},{"type":"Feature","properties":{"scalerank":0,"featurecla":"Land","min_zoom":4},"geometry":{"type":"Polygon","coordinates":[]}},{"type":"Feature","properties":{"scalerank":0,"featurecla":"Land","min_zoom":4},"geometry":{"type":"Polygon","coordinates":[]}}]}